2026-01-18 16:55:54,541 - INFO - Starting CV Desktop Automation...
2026-01-18 16:55:54,543 - INFO - Fetching data from https://jsonplaceholder.typicode.com/posts...
2026-01-18 16:56:05,635 - ERROR - API Fetch Error: HTTPSConnectionPool(host='jsonplaceholder.typicode.com', port=443): Max retries exceeded with url: /posts (Caused by NameResolutionError("HTTPSConnection(host='jsonplaceholder.typicode.com', port=443): Failed to resolve 'jsonplaceholder.typicode.com' ([Errno 11001] getaddrinfo failed)"))
2026-01-18 16:57:01,635 - INFO - Starting CV Desktop Automation...
2026-01-18 16:57:01,636 - INFO - Fetching data from https://jsonplaceholder.typicode.com/posts...
2026-01-18 16:57:03,818 - INFO - Successfully fetched 3 posts
2026-01-18 16:57:03,821 - INFO - --- Processing Post ID 1 ---
2026-01-18 16:57:04,316 - INFO - Icon found at (np.int64(493), np.int64(234)) using template (Conf: 0.86)
2026-01-18 16:57:05,086 - INFO - Double-clicked at (493, 234)
2026-01-18 16:57:14,799 - INFO - Task 1 complete.
2026-01-18 16:57:16,800 - INFO - --- Processing Post ID 2 ---
2026-01-18 16:57:17,241 - INFO - Icon found at (np.int64(493), np.int64(234)) using template (Conf: 0.86)
2026-01-18 16:57:18,005 - INFO - Double-clicked at (493, 234)
2026-01-18 16:57:27,388 - INFO - Task 2 complete.
2026-01-18 16:57:29,389 - INFO - --- Processing Post ID 3 ---
2026-01-18 16:57:29,856 - INFO - Template matching failed. Trying full fallback?
2026-01-18 16:57:29,858 - ERROR - Icon NOT found. Saving debug screenshot.
2026-01-18 16:58:07,373 - INFO - Starting CV Desktop Automation...
2026-01-18 16:58:07,374 - INFO - Fetching data from https://jsonplaceholder.typicode.com/posts...
2026-01-18 16:58:16,127 - INFO - Successfully fetched 3 posts
2026-01-18 16:58:16,128 - INFO - --- Processing Post ID 1 ---
2026-01-18 16:58:16,537 - INFO - Icon found at (np.int64(493), np.int64(234)) using template (Conf: 0.86)
2026-01-18 16:58:17,315 - INFO - Double-clicked at (493, 234)
2026-01-18 17:04:23,401 - INFO - Starting CV Desktop Automation...
2026-01-18 17:04:23,419 - INFO - Fetching data from https://jsonplaceholder.typicode.com/posts...
2026-01-18 17:04:26,626 - INFO - Successfully fetched 3 posts
2026-01-18 17:04:26,629 - INFO - --- Processing Post ID 1 ---
2026-01-18 17:04:27,079 - INFO - Icon found at (np.int64(492), np.int64(234)) using template (Conf: 0.85)
2026-01-18 17:04:27,845 - INFO - Double-clicked at (492, 234)
2026-01-18 17:04:37,544 - INFO - Task 1 complete.
2026-01-18 17:04:39,545 - INFO - --- Processing Post ID 2 ---
2026-01-18 17:04:39,993 - INFO - Template matching failed. Trying full fallback?
2026-01-18 17:04:39,993 - ERROR - Icon NOT found. Saving debug screenshot.
2026-01-18 17:04:42,027 - INFO - --- Processing Post ID 3 ---
2026-01-18 17:04:42,449 - INFO - Template matching failed. Trying full fallback?
2026-01-18 17:04:42,449 - ERROR - Icon NOT found. Saving debug screenshot.
2026-01-18 17:05:15,886 - INFO - Starting CV Desktop Automation...
2026-01-18 17:05:15,887 - INFO - Fetching data from https://jsonplaceholder.typicode.com/posts...
2026-01-18 17:05:19,235 - INFO - Successfully fetched 3 posts
2026-01-18 17:05:19,237 - INFO - --- Processing Post ID 1 ---
2026-01-18 17:05:19,637 - INFO - Icon found at (np.int64(493), np.int64(234)) using template (Conf: 0.86)
2026-01-18 17:05:20,407 - INFO - Double-clicked at (493, 234)
2026-01-18 17:05:30,118 - INFO - Task 1 complete.
2026-01-18 17:05:32,119 - INFO - --- Processing Post ID 2 ---
2026-01-18 17:05:32,541 - INFO - Template matching failed. Trying full fallback?
2026-01-18 17:05:32,542 - ERROR - Icon NOT found. Saving debug screenshot.
2026-01-18 17:05:34,571 - INFO - --- Processing Post ID 3 ---
2026-01-18 17:05:35,003 - INFO - Template matching failed. Trying full fallback?
2026-01-18 17:05:35,004 - ERROR - Icon NOT found. Saving debug screenshot.
2026-01-18 17:05:58,282 - INFO - Starting CV Desktop Automation...
2026-01-18 17:05:58,284 - INFO - Fetching data from https://jsonplaceholder.typicode.com/posts...
2026-01-18 17:06:01,599 - INFO - Successfully fetched 3 posts
2026-01-18 17:06:01,600 - INFO - --- Processing Post ID 1 ---
2026-01-18 17:06:02,004 - INFO - Icon found at (np.int64(493), np.int64(234)) using template (Conf: 0.86)
2026-01-18 17:06:02,769 - INFO - Double-clicked at (493, 234)
2026-01-18 17:06:12,365 - INFO - Task 1 complete.
2026-01-18 17:06:14,366 - INFO - --- Processing Post ID 2 ---
2026-01-18 17:06:14,794 - INFO - Template matching failed. Trying full fallback?
2026-01-18 17:06:14,795 - ERROR - Icon NOT found. Saving debug screenshot.
2026-01-18 17:06:16,822 - INFO - --- Processing Post ID 3 ---
2026-01-18 17:06:17,254 - INFO - Template matching failed. Trying full fallback?
2026-01-18 17:06:17,255 - ERROR - Icon NOT found. Saving debug screenshot.
2026-01-18 17:07:34,463 - INFO - Starting CV Desktop Automation...
2026-01-18 17:07:34,464 - INFO - Fetching data from https://jsonplaceholder.typicode.com/posts...
2026-01-18 17:07:35,916 - INFO - Successfully fetched 3 posts
2026-01-18 17:07:35,918 - INFO - --- Processing Post ID 1 ---
2026-01-18 17:07:36,314 - INFO - Icon found at (np.int64(493), np.int64(234)) using template (Conf: 0.86)
2026-01-18 17:07:37,082 - INFO - Double-clicked at (493, 234)
2026-01-18 17:07:46,877 - INFO - Task 1 complete.
2026-01-18 17:07:48,878 - INFO - --- Processing Post ID 2 ---
2026-01-18 17:07:49,333 - INFO - Icon found at (np.int64(493), np.int64(234)) using template (Conf: 0.86)
2026-01-18 17:07:50,096 - INFO - Double-clicked at (493, 234)
2026-01-18 17:51:13,113 - INFO - Safety Reset: All modifier keys released.
2026-01-18 17:51:13,119 - INFO - Starting Fixed CV Automation...
2026-01-18 17:51:13,131 - INFO - Fetching data from https://jsonplaceholder.typicode.com/posts...
2026-01-18 17:51:16,612 - INFO - Successfully fetched 3 posts
2026-01-18 17:51:16,614 - INFO - Working on Post 1...
2026-01-18 17:51:19,042 - INFO - Safety Reset: All modifier keys released.
2026-01-18 17:51:20,099 - INFO - Safety Reset: All modifier keys released.
2026-01-18 17:51:20,099 - ERROR - Error in main loop: PyAutoGUI fail-safe triggered from mouse moving to a corner of the screen. To disable this fail-safe, set pyautogui.FAILSAFE to False. DISABLING FAIL-SAFE IS NOT RECOMMENDED.
2026-01-18 17:51:20,101 - INFO - Safety Reset: All modifier keys released.
2026-01-18 17:51:20,101 - INFO - Working on Post 2...
2026-01-18 17:51:20,505 - INFO - Safety Reset: All modifier keys released.
2026-01-18 17:51:20,505 - INFO - Safety Reset: All modifier keys released.
2026-01-18 17:51:20,505 - ERROR - Error in main loop: PyAutoGUI fail-safe triggered from mouse moving to a corner of the screen. To disable this fail-safe, set pyautogui.FAILSAFE to False. DISABLING FAIL-SAFE IS NOT RECOMMENDED.
2026-01-18 17:51:20,505 - INFO - Safety Reset: All modifier keys released.
2026-01-18 17:51:20,506 - INFO - Working on Post 3...
2026-01-18 17:51:20,899 - INFO - Safety Reset: All modifier keys released.
2026-01-18 17:51:20,899 - INFO - Safety Reset: All modifier keys released.
2026-01-18 17:51:20,899 - ERROR - Error in main loop: PyAutoGUI fail-safe triggered from mouse moving to a corner of the screen. To disable this fail-safe, set pyautogui.FAILSAFE to False. DISABLING FAIL-SAFE IS NOT RECOMMENDED.
2026-01-18 17:51:20,899 - INFO - Safety Reset: All modifier keys released.
2026-01-18 17:51:48,635 - INFO - Safety Reset: All modifier keys released.
2026-01-18 17:51:48,635 - INFO - Starting Fixed CV Automation...
2026-01-18 17:51:48,636 - INFO - Fetching data from https://jsonplaceholder.typicode.com/posts...
2026-01-18 17:51:51,845 - INFO - Successfully fetched 3 posts
2026-01-18 17:51:51,846 - INFO - Working on Post 1...
2026-01-18 17:51:54,265 - INFO - Safety Reset: All modifier keys released.
2026-01-18 17:51:55,321 - INFO - Safety Reset: All modifier keys released.
2026-01-18 17:51:55,321 - ERROR - Error in main loop: PyAutoGUI fail-safe triggered from mouse moving to a corner of the screen. To disable this fail-safe, set pyautogui.FAILSAFE to False. DISABLING FAIL-SAFE IS NOT RECOMMENDED.
2026-01-18 17:51:55,321 - INFO - Safety Reset: All modifier keys released.
2026-01-18 17:51:55,322 - INFO - Working on Post 2...
2026-01-18 17:51:55,753 - INFO - Safety Reset: All modifier keys released.
2026-01-18 17:51:55,754 - INFO - Safety Reset: All modifier keys released.
2026-01-18 17:51:55,754 - ERROR - Error in main loop: PyAutoGUI fail-safe triggered from mouse moving to a corner of the screen. To disable this fail-safe, set pyautogui.FAILSAFE to False. DISABLING FAIL-SAFE IS NOT RECOMMENDED.
2026-01-18 17:51:55,754 - INFO - Safety Reset: All modifier keys released.
2026-01-18 17:51:55,754 - INFO - Working on Post 3...
2026-01-18 17:51:56,178 - INFO - Safety Reset: All modifier keys released.
2026-01-18 17:51:56,178 - INFO - Safety Reset: All modifier keys released.
2026-01-18 17:51:56,178 - ERROR - Error in main loop: PyAutoGUI fail-safe triggered from mouse moving to a corner of the screen. To disable this fail-safe, set pyautogui.FAILSAFE to False. DISABLING FAIL-SAFE IS NOT RECOMMENDED.
2026-01-18 17:51:56,179 - INFO - Safety Reset: All modifier keys released.
2026-01-18 17:52:06,584 - INFO - Safety Reset: All modifier keys released.
2026-01-18 17:52:06,584 - INFO - Starting Fixed CV Automation...
2026-01-18 17:52:06,585 - INFO - Fetching data from https://jsonplaceholder.typicode.com/posts...
2026-01-18 17:52:08,074 - INFO - Successfully fetched 3 posts
2026-01-18 17:52:08,075 - INFO - Working on Post 1...
2026-01-18 17:52:08,474 - INFO - Safety Reset: All modifier keys released.
2026-01-18 17:52:08,474 - INFO - Safety Reset: All modifier keys released.
2026-01-18 17:52:08,474 - ERROR - Error in main loop: PyAutoGUI fail-safe triggered from mouse moving to a corner of the screen. To disable this fail-safe, set pyautogui.FAILSAFE to False. DISABLING FAIL-SAFE IS NOT RECOMMENDED.
2026-01-18 17:52:08,474 - INFO - Safety Reset: All modifier keys released.
2026-01-18 17:52:08,474 - INFO - Working on Post 2...
2026-01-18 17:52:08,883 - INFO - Safety Reset: All modifier keys released.
2026-01-18 17:52:08,883 - INFO - Safety Reset: All modifier keys released.
2026-01-18 17:52:08,883 - ERROR - Error in main loop: PyAutoGUI fail-safe triggered from mouse moving to a corner of the screen. To disable this fail-safe, set pyautogui.FAILSAFE to False. DISABLING FAIL-SAFE IS NOT RECOMMENDED.
2026-01-18 17:52:08,883 - INFO - Safety Reset: All modifier keys released.
2026-01-18 17:52:08,883 - INFO - Working on Post 3...
2026-01-18 17:52:09,288 - INFO - Safety Reset: All modifier keys released.
2026-01-18 17:52:09,289 - INFO - Safety Reset: All modifier keys released.
2026-01-18 17:52:09,289 - ERROR - Error in main loop: PyAutoGUI fail-safe triggered from mouse moving to a corner of the screen. To disable this fail-safe, set pyautogui.FAILSAFE to False. DISABLING FAIL-SAFE IS NOT RECOMMENDED.
2026-01-18 17:52:09,289 - INFO - Safety Reset: All modifier keys released.
2026-01-18 17:52:12,413 - INFO - Safety Reset: All modifier keys released.
2026-01-18 17:52:12,413 - INFO - Starting Fixed CV Automation...
2026-01-18 17:52:12,414 - INFO - Fetching data from https://jsonplaceholder.typicode.com/posts...
2026-01-18 17:52:14,693 - INFO - Successfully fetched 3 posts
2026-01-18 17:52:14,694 - INFO - Working on Post 1...
2026-01-18 17:52:15,137 - INFO - Safety Reset: All modifier keys released.
2026-01-18 17:52:15,137 - INFO - Safety Reset: All modifier keys released.
2026-01-18 17:52:15,137 - ERROR - Error in main loop: PyAutoGUI fail-safe triggered from mouse moving to a corner of the screen. To disable this fail-safe, set pyautogui.FAILSAFE to False. DISABLING FAIL-SAFE IS NOT RECOMMENDED.
2026-01-18 17:52:15,137 - INFO - Safety Reset: All modifier keys released.
2026-01-18 17:52:15,138 - INFO - Working on Post 2...
2026-01-18 17:52:15,581 - INFO - Safety Reset: All modifier keys released.
2026-01-18 17:52:15,581 - INFO - Safety Reset: All modifier keys released.
2026-01-18 17:52:15,581 - ERROR - Error in main loop: PyAutoGUI fail-safe triggered from mouse moving to a corner of the screen. To disable this fail-safe, set pyautogui.FAILSAFE to False. DISABLING FAIL-SAFE IS NOT RECOMMENDED.
2026-01-18 17:52:15,582 - INFO - Safety Reset: All modifier keys released.
2026-01-18 17:52:15,582 - INFO - Working on Post 3...
2026-01-18 17:52:16,016 - INFO - Safety Reset: All modifier keys released.
2026-01-18 17:52:16,016 - INFO - Safety Reset: All modifier keys released.
2026-01-18 17:52:16,017 - ERROR - Error in main loop: PyAutoGUI fail-safe triggered from mouse moving to a corner of the screen. To disable this fail-safe, set pyautogui.FAILSAFE to False. DISABLING FAIL-SAFE IS NOT RECOMMENDED.
2026-01-18 17:52:16,017 - INFO - Safety Reset: All modifier keys released.
2026-01-18 17:57:48,944 - INFO - Safety Reset: All modifier keys released.
2026-01-18 17:57:48,945 - INFO - Starting Fixed CV Automation...
2026-01-18 17:57:48,946 - INFO - Fetching data from https://jsonplaceholder.typicode.com/posts...
2026-01-18 17:57:58,100 - INFO - Successfully fetched 3 posts
2026-01-18 17:57:58,102 - INFO - Working on Post 1...
2026-01-18 17:58:00,540 - INFO - Safety Reset: All modifier keys released.
2026-01-18 17:58:04,417 - INFO - Working on Post 2...
2026-01-18 17:58:04,901 - INFO - Template matching failed. Trying full fallback?
2026-01-18 17:58:04,902 - ERROR - Could not find Notepad icon on desktop.
2026-01-18 17:58:06,903 - INFO - Working on Post 3...
2026-01-18 17:58:07,300 - INFO - Template matching failed. Trying full fallback?
2026-01-18 17:58:07,301 - ERROR - Could not find Notepad icon on desktop.
2026-01-18 18:02:45,578 - INFO - Safety Reset: All modifier keys released.
2026-01-18 18:02:45,579 - INFO - Starting Final Optimized Automation...
2026-01-18 18:02:45,580 - INFO - Fetching data from https://jsonplaceholder.typicode.com/posts...
2026-01-18 18:02:53,321 - INFO - Successfully fetched 3 posts
2026-01-18 18:02:53,322 - INFO - --- Starting Task: Post 1 ---
2026-01-18 18:02:53,322 - INFO - Clearing desktop to find icon...
2026-01-18 18:02:55,391 - INFO - Template matching failed. Trying full fallback?
2026-01-18 18:02:55,392 - ERROR - Icon not found for Post 1
2026-01-18 18:02:56,392 - INFO - --- Starting Task: Post 2 ---
2026-01-18 18:02:56,392 - INFO - Clearing desktop to find icon...
2026-01-18 18:03:00,316 - INFO - Safety Reset: All modifier keys released.
2026-01-18 18:03:00,316 - INFO - Targeting icon at (872, 834)
2026-01-18 18:03:10,192 - ERROR - Execution Error: Timed out waiting for Notepad to open.
2026-01-18 18:03:12,195 - INFO - Safety Reset: All modifier keys released.
2026-01-18 18:03:12,195 - ERROR - Loop error on Post 2: Timed out waiting for Notepad to open.
2026-01-18 18:03:14,197 - INFO - Safety Reset: All modifier keys released.
2026-01-18 18:03:14,198 - INFO - --- Starting Task: Post 3 ---
2026-01-18 18:03:14,198 - INFO - Clearing desktop to find icon...
2026-01-18 18:03:18,106 - INFO - Safety Reset: All modifier keys released.
2026-01-18 18:03:18,107 - INFO - Targeting icon at (872, 834)
2026-01-18 18:03:27,980 - ERROR - Execution Error: Timed out waiting for Notepad to open.
2026-01-18 18:03:29,982 - INFO - Safety Reset: All modifier keys released.
2026-01-18 18:03:29,983 - ERROR - Loop error on Post 3: Timed out waiting for Notepad to open.
2026-01-18 18:03:31,985 - INFO - Safety Reset: All modifier keys released.
2026-01-18 18:03:53,400 - INFO - Safety Reset: All modifier keys released.
2026-01-18 18:03:53,401 - INFO - Starting Final Optimized Automation...
2026-01-18 18:03:53,402 - INFO - Fetching data from https://jsonplaceholder.typicode.com/posts...
2026-01-18 18:04:02,349 - INFO - Successfully fetched 3 posts
2026-01-18 18:04:02,350 - INFO - --- Starting Task: Post 1 ---
2026-01-18 18:04:02,350 - INFO - Clearing desktop to find icon...
2026-01-18 18:04:04,374 - INFO - Template matching failed. Trying full fallback?
2026-01-18 18:04:04,375 - ERROR - Icon not found for Post 1
2026-01-18 18:04:05,375 - INFO - --- Starting Task: Post 2 ---
2026-01-18 18:04:05,375 - INFO - Clearing desktop to find icon...
2026-01-18 18:04:09,292 - INFO - Safety Reset: All modifier keys released.
2026-01-18 18:04:09,292 - INFO - Targeting icon at (645, 234)
2026-01-18 18:04:19,169 - ERROR - Execution Error: Timed out waiting for Notepad to open.
2026-01-18 18:04:21,172 - INFO - Safety Reset: All modifier keys released.
2026-01-18 18:04:21,173 - ERROR - Loop error on Post 2: Timed out waiting for Notepad to open.
2026-01-18 18:04:23,175 - INFO - Safety Reset: All modifier keys released.
2026-01-18 18:04:23,176 - INFO - --- Starting Task: Post 3 ---
2026-01-18 18:04:23,176 - INFO - Clearing desktop to find icon...
2026-01-18 18:04:27,084 - INFO - Safety Reset: All modifier keys released.
2026-01-18 18:04:27,084 - INFO - Targeting icon at (645, 234)
2026-01-18 18:04:36,956 - ERROR - Execution Error: Timed out waiting for Notepad to open.
2026-01-18 18:04:38,959 - INFO - Safety Reset: All modifier keys released.
2026-01-18 18:04:38,959 - ERROR - Loop error on Post 3: Timed out waiting for Notepad to open.
2026-01-18 18:04:40,962 - INFO - Safety Reset: All modifier keys released.
2026-01-18 18:05:58,338 - INFO - Safety Reset: All modifier keys released.
2026-01-18 18:05:58,338 - INFO - Starting Final Optimized Automation...
2026-01-18 18:05:58,355 - INFO - Fetching data from https://jsonplaceholder.typicode.com/posts...
2026-01-18 18:06:09,394 - INFO - Successfully fetched 3 posts
2026-01-18 18:06:09,395 - INFO - --- Starting Task: Post 1 ---
2026-01-18 18:06:09,396 - INFO - Clearing desktop to find icon...
2026-01-18 18:06:13,426 - INFO - Safety Reset: All modifier keys released.
2026-01-18 18:06:13,426 - INFO - Targeting icon at (644, 240)
2026-01-18 18:06:15,293 - INFO - Notepad focused.
2026-01-18 18:06:16,294 - INFO - Typing content for Post 1...
2026-01-18 18:06:22,968 - INFO - Saving file...
2026-01-18 18:06:29,539 - INFO - Closing Notepad...
2026-01-18 18:06:32,079 - INFO - Safety Reset: All modifier keys released.
2026-01-18 18:06:33,080 - INFO - --- Starting Task: Post 2 ---
2026-01-18 18:06:33,080 - INFO - Clearing desktop to find icon...
2026-01-18 18:06:35,109 - INFO - Template matching failed. Trying full fallback?
2026-01-18 18:06:35,110 - ERROR - Icon not found for Post 2
2026-01-18 18:06:36,111 - INFO - --- Starting Task: Post 3 ---
2026-01-18 18:06:36,111 - INFO - Clearing desktop to find icon...
2026-01-18 18:06:38,134 - INFO - Template matching failed. Trying full fallback?
2026-01-18 18:06:38,136 - ERROR - Icon not found for Post 3
2026-01-18 18:07:21,198 - INFO - Safety Reset: All modifier keys released.
2026-01-18 18:07:21,199 - INFO - Starting Final Optimized Automation...
2026-01-18 18:07:21,200 - INFO - Fetching data from https://jsonplaceholder.typicode.com/posts...
2026-01-18 18:07:27,885 - INFO - Successfully fetched 3 posts
2026-01-18 18:07:27,886 - INFO - --- Starting Task: Post 1 ---
2026-01-18 18:07:27,886 - INFO - Clearing desktop to find icon...
2026-01-18 18:07:31,851 - INFO - Safety Reset: All modifier keys released.
2026-01-18 18:07:31,851 - INFO - Targeting icon at (644, 240)
2026-01-18 18:07:33,719 - INFO - Notepad focused.
2026-01-18 18:07:34,719 - INFO - Typing content for Post 1...
2026-01-18 18:07:41,379 - INFO - Saving file...
2026-01-18 18:07:47,969 - INFO - Closing Notepad...
2026-01-18 18:07:50,482 - INFO - Safety Reset: All modifier keys released.
2026-01-18 18:07:51,482 - INFO - --- Starting Task: Post 2 ---
2026-01-18 18:07:51,483 - INFO - Clearing desktop to find icon...
2026-01-18 18:07:53,486 - INFO - Template matching failed. Trying full fallback?
2026-01-18 18:07:53,487 - ERROR - Icon not found for Post 2
2026-01-18 18:07:54,488 - INFO - --- Starting Task: Post 3 ---
2026-01-18 18:07:54,489 - INFO - Clearing desktop to find icon...
2026-01-18 18:07:56,431 - INFO - Template matching failed. Trying full fallback?
2026-01-18 18:07:56,433 - ERROR - Icon not found for Post 3
2026-01-18 18:18:04,642 - INFO - Safety Reset: All modifier keys released.
2026-01-18 18:21:17,005 - INFO - Safety Reset: All modifier keys released.
2026-01-18 18:21:17,007 - INFO - Fetching data from https://jsonplaceholder.typicode.com/posts...
2026-01-18 18:21:22,951 - INFO - Successfully fetched 3 posts
2026-01-18 18:21:23,037 - INFO - Safety Reset: All modifier keys released.
2026-01-18 18:21:23,037 - INFO - Starting Final Optimized Automation...
2026-01-18 18:21:23,039 - INFO - Fetching data from https://jsonplaceholder.typicode.com/posts...
2026-01-18 18:21:37,243 - INFO - Successfully fetched 3 posts
2026-01-18 18:21:37,244 - INFO - --- Starting Task: Post 1 ---
2026-01-18 18:21:38,899 - INFO - Safety Reset: All modifier keys released.
2026-01-18 18:21:40,811 - INFO - Typing Post 1...
2026-01-18 18:21:44,666 - INFO - Triggering Save...
2026-01-18 18:21:47,845 - INFO - File saved to: post_1.txt
2026-01-18 18:21:48,845 - INFO - Closing Notepad to clean up...
2026-01-18 18:22:02,176 - INFO - Notepad closed. Ready for next task.
2026-01-18 18:22:02,262 - INFO - Safety Reset: All modifier keys released.
2026-01-18 18:22:04,263 - INFO - --- Starting Task: Post 2 ---
2026-01-18 18:22:05,841 - INFO - Template matching failed. Trying full fallback?
2026-01-18 18:22:05,842 - ERROR - Icon not found for Post 2
2026-01-18 18:22:07,843 - INFO - --- Starting Task: Post 3 ---
2026-01-18 18:22:09,399 - INFO - Template matching failed. Trying full fallback?
2026-01-18 18:22:09,400 - ERROR - Icon not found for Post 3
2026-01-18 18:23:41,543 - INFO - Safety Reset: All modifier keys released.
2026-01-18 18:23:41,544 - INFO - Fetching data from https://jsonplaceholder.typicode.com/posts...
2026-01-18 18:23:44,731 - INFO - Successfully fetched 3 posts
2026-01-18 18:23:44,816 - INFO - Safety Reset: All modifier keys released.
2026-01-18 18:23:44,817 - INFO - Starting Final Optimized Automation...
2026-01-18 18:23:44,818 - INFO - Fetching data from https://jsonplaceholder.typicode.com/posts...
2026-01-18 18:24:08,869 - INFO - Successfully fetched 3 posts
2026-01-18 18:24:08,870 - INFO - --- Starting Task: Post 1 ---
2026-01-18 18:24:10,499 - INFO - Safety Reset: All modifier keys released.
2026-01-18 18:24:12,407 - INFO - Typing Post 1...
2026-01-18 18:24:16,264 - INFO - Triggering Save...
2026-01-18 18:24:19,442 - INFO - File saved to: post_1.txt
2026-01-18 18:24:20,442 - INFO - Closing Notepad to clean up...
2026-01-18 18:24:26,604 - INFO - Notepad closed. Ready for next task.
2026-01-18 18:24:26,690 - INFO - Safety Reset: All modifier keys released.
2026-01-18 18:24:28,691 - INFO - --- Starting Task: Post 2 ---
2026-01-18 18:24:30,181 - INFO - Safety Reset: All modifier keys released.
2026-01-18 18:24:32,097 - INFO - Typing Post 2...
2026-01-18 18:24:35,768 - INFO - Triggering Save...
2026-01-18 18:24:38,953 - INFO - File saved to: post_2.txt
2026-01-18 18:24:39,953 - INFO - Closing Notepad to clean up...
2026-01-18 18:24:43,049 - INFO - Notepad closed. Ready for next task.
2026-01-18 18:24:43,132 - INFO - Safety Reset: All modifier keys released.
2026-01-18 18:24:45,133 - INFO - --- Starting Task: Post 3 ---
2026-01-18 18:24:46,851 - INFO - Safety Reset: All modifier keys released.
2026-01-18 18:24:48,763 - INFO - Typing Post 3...
2026-01-18 18:24:52,510 - INFO - Triggering Save...
2026-01-18 18:24:55,671 - INFO - File saved to: post_3.txt
2026-01-18 18:24:56,672 - INFO - Closing Notepad to clean up...
2026-01-18 18:24:59,764 - INFO - Notepad closed. Ready for next task.
2026-01-18 18:24:59,848 - INFO - Safety Reset: All modifier keys released.
2026-01-18 18:35:50,822 - INFO - Safety Reset: All modifier keys released.
2026-01-18 18:35:50,824 - INFO - Fetching data from https://jsonplaceholder.typicode.com/posts...
2026-01-18 18:35:52,767 - INFO - Successfully fetched 3 posts
2026-01-18 18:35:52,852 - INFO - Safety Reset: All modifier keys released.
2026-01-18 18:35:52,853 - INFO - Starting Final Optimized Automation...
2026-01-18 18:35:52,854 - INFO - Fetching data from https://jsonplaceholder.typicode.com/posts...
2026-01-18 18:35:54,355 - INFO - Successfully fetched 3 posts
2026-01-18 18:35:54,356 - INFO - --- Starting Task: Post 1 ---
2026-01-18 18:35:55,996 - INFO - Safety Reset: All modifier keys released.
2026-01-18 18:35:57,907 - INFO - Typing Post 1...
2026-01-18 18:36:01,761 - INFO - Triggering Save...
2026-01-18 18:36:04,915 - INFO - File saved to: post_1.txt
2026-01-18 18:36:05,916 - INFO - Closing Notepad to clean up...
2026-01-18 18:36:09,017 - INFO - Notepad closed. Ready for next task.
2026-01-18 18:36:09,101 - INFO - Safety Reset: All modifier keys released.
2026-01-18 18:36:11,101 - INFO - --- Starting Task: Post 2 ---
2026-01-18 18:36:12,672 - INFO - Template matching failed. Trying full fallback?
2026-01-18 18:36:12,673 - ERROR - Icon not found for Post 2
2026-01-18 18:36:14,674 - INFO - --- Starting Task: Post 3 ---
2026-01-18 18:36:16,195 - INFO - Template matching failed. Trying full fallback?
2026-01-18 18:36:16,196 - ERROR - Icon not found for Post 3
2026-01-18 18:37:03,632 - INFO - Safety Reset: All modifier keys released.
2026-01-18 18:37:03,633 - INFO - Fetching data from https://jsonplaceholder.typicode.com/posts...
2026-01-18 18:37:14,769 - ERROR - API Fetch Error: HTTPSConnectionPool(host='jsonplaceholder.typicode.com', port=443): Read timed out. (read timeout=10)
2026-01-18 18:37:14,855 - INFO - Safety Reset: All modifier keys released.
2026-01-18 18:37:14,855 - INFO - Starting Final Optimized Automation...
2026-01-18 18:37:14,856 - INFO - Fetching data from https://jsonplaceholder.typicode.com/posts...
2026-01-18 18:37:18,354 - INFO - Successfully fetched 3 posts
2026-01-18 18:37:18,356 - INFO - --- Starting Task: Post 1 ---
2026-01-18 18:37:19,964 - INFO - Safety Reset: All modifier keys released.
2026-01-18 18:37:21,871 - INFO - Typing Post 1...
2026-01-18 18:37:25,700 - INFO - Triggering Save...
2026-01-18 18:37:28,865 - INFO - File saved to: post_1.txt
2026-01-18 18:37:29,866 - INFO - Closing Notepad to clean up...
2026-01-18 18:37:30,914 - INFO - Notepad closed. Ready for next task.
2026-01-18 18:37:30,998 - INFO - Safety Reset: All modifier keys released.
2026-01-18 18:37:32,999 - INFO - --- Starting Task: Post 2 ---
2026-01-18 18:37:34,581 - INFO - Template matching failed. Trying full fallback?
2026-01-18 18:37:34,582 - ERROR - Icon not found for Post 2
2026-01-18 18:37:36,583 - INFO - --- Starting Task: Post 3 ---
2026-01-18 18:37:38,092 - INFO - Template matching failed. Trying full fallback?
2026-01-18 18:37:38,093 - ERROR - Icon not found for Post 3
2026-01-18 18:38:01,034 - INFO - Safety Reset: All modifier keys released.
2026-01-18 18:38:01,035 - INFO - Fetching data from https://jsonplaceholder.typicode.com/posts...
2026-01-18 18:38:05,555 - INFO - Successfully fetched 3 posts
2026-01-18 18:38:05,641 - INFO - Safety Reset: All modifier keys released.
2026-01-18 18:38:05,641 - INFO - Starting Final Optimized Automation...
2026-01-18 18:38:05,642 - INFO - Fetching data from https://jsonplaceholder.typicode.com/posts...
2026-01-18 18:38:18,142 - INFO - Successfully fetched 3 posts
2026-01-18 18:38:18,143 - INFO - --- Starting Task: Post 1 ---
2026-01-18 18:38:19,693 - INFO - Safety Reset: All modifier keys released.
2026-01-18 18:38:21,600 - INFO - Typing Post 1...
2026-01-18 18:38:25,447 - INFO - Triggering Save...
2026-01-18 18:38:28,617 - INFO - File saved to: post_1.txt
2026-01-18 18:38:29,618 - INFO - Closing Notepad to clean up...
2026-01-18 18:38:34,763 - INFO - Notepad closed. Ready for next task.
2026-01-18 18:38:34,848 - INFO - Safety Reset: All modifier keys released.
2026-01-18 18:38:36,849 - INFO - --- Starting Task: Post 2 ---
2026-01-18 18:38:38,388 - INFO - Template matching failed. Trying full fallback?
2026-01-18 18:38:38,390 - ERROR - Icon not found for Post 2
2026-01-18 18:38:40,390 - INFO - --- Starting Task: Post 3 ---
2026-01-18 18:38:41,953 - INFO - Template matching failed. Trying full fallback?
2026-01-18 18:38:41,954 - ERROR - Icon not found for Post 3
2026-01-18 18:40:08,311 - INFO - Safety Reset: All modifier keys released.
2026-01-18 18:40:08,334 - INFO - Fetching data from https://jsonplaceholder.typicode.com/posts...
2026-01-18 18:40:13,428 - INFO - Successfully fetched 3 posts
2026-01-18 18:40:13,514 - INFO - Safety Reset: All modifier keys released.
2026-01-18 18:40:13,515 - INFO - Starting Final Optimized Automation...
2026-01-18 18:40:13,515 - INFO - Fetching data from https://jsonplaceholder.typicode.com/posts...
2026-01-18 18:40:17,987 - INFO - Successfully fetched 3 posts
2026-01-18 18:40:17,988 - INFO - --- Starting Task: Post 1 ---
2026-01-18 18:40:19,568 - INFO - Template matching failed. Trying full fallback?
2026-01-18 18:40:19,569 - ERROR - Icon not found for Post 1
2026-01-18 18:40:21,570 - INFO - --- Starting Task: Post 2 ---
2026-01-18 18:40:23,060 - INFO - Safety Reset: All modifier keys released.
2026-01-18 18:40:24,970 - INFO - Typing Post 2...
2026-01-18 18:40:28,646 - INFO - Triggering Save...
2026-01-18 18:40:31,803 - INFO - File saved to: post_2.txt
2026-01-18 18:40:32,803 - INFO - Closing Notepad to clean up...
2026-01-18 18:40:36,922 - INFO - Notepad closed. Ready for next task.
2026-01-18 18:40:37,006 - INFO - Safety Reset: All modifier keys released.
2026-01-18 18:40:39,007 - INFO - --- Starting Task: Post 3 ---
2026-01-18 18:40:40,562 - INFO - Template matching failed. Trying full fallback?
2026-01-18 18:40:40,563 - ERROR - Icon not found for Post 3
2026-01-18 18:44:26,963 - INFO - Safety Reset: All modifier keys released.
2026-01-18 18:44:26,965 - INFO - Fetching data from https://jsonplaceholder.typicode.com/posts...
2026-01-18 18:44:49,352 - INFO - Successfully fetched 3 posts
2026-01-18 18:44:49,438 - INFO - Safety Reset: All modifier keys released.
2026-01-18 18:44:49,438 - INFO - Starting Final Optimized Automation...
2026-01-18 18:44:49,439 - INFO - Fetching data from https://jsonplaceholder.typicode.com/posts...
2026-01-18 18:44:54,353 - INFO - Successfully fetched 3 posts
2026-01-18 18:44:56,148 - INFO - Template matching failed. Trying full fallback?
2026-01-18 18:44:56,149 - ERROR - Icon not found for Post 1
2026-01-18 18:44:58,741 - INFO - Safety Reset: All modifier keys released.
2026-01-18 18:45:00,661 - INFO - Typing Post 2...
2026-01-18 18:45:06,884 - INFO - Saving file...
2026-01-18 18:45:11,068 - INFO - Closing Notepad window...
2026-01-18 18:45:16,211 - WARNING - Window took too long to close.
2026-01-18 18:45:16,296 - INFO - Safety Reset: All modifier keys released.
2026-01-18 18:45:16,296 - INFO - Finished Post 2. Moving to next.
2026-01-18 18:45:18,911 - INFO - Template matching failed. Trying full fallback?
2026-01-18 18:45:18,913 - ERROR - Icon not found for Post 3
2026-01-18 18:47:10,894 - INFO - Safety Reset: All modifier keys released.
2026-01-18 18:47:10,911 - INFO - Fetching data from https://jsonplaceholder.typicode.com/posts...
2026-01-18 18:47:21,130 - INFO - Successfully fetched 3 posts
2026-01-18 18:47:21,216 - INFO - Safety Reset: All modifier keys released.
2026-01-18 18:47:21,216 - INFO - Starting Final Optimized Automation...
2026-01-18 18:47:21,217 - INFO - Fetching data from https://jsonplaceholder.typicode.com/posts...
2026-01-18 18:47:25,344 - INFO - Successfully fetched 3 posts
2026-01-18 18:47:26,918 - INFO - Safety Reset: All modifier keys released.
2026-01-18 18:47:28,825 - INFO - Typing Post 1...
2026-01-18 18:47:35,198 - INFO - Saving file...
2026-01-18 18:47:39,363 - INFO - Closing Notepad window...
2026-01-18 18:47:42,608 - INFO - Safety Reset: All modifier keys released.
2026-01-18 18:47:42,608 - INFO - Finished Post 1. Moving to next.
2026-01-18 18:47:45,144 - INFO - Template matching failed. Trying full fallback?
2026-01-18 18:47:45,145 - ERROR - Icon not found for Post 2
2026-01-18 18:47:47,687 - INFO - Template matching failed. Trying full fallback?
2026-01-18 18:47:47,688 - ERROR - Icon not found for Post 3
2026-01-18 18:51:56,343 - INFO - Safety Reset: All modifier keys released.
2026-01-18 18:51:56,345 - INFO - Fetching data from https://jsonplaceholder.typicode.com/posts...
2026-01-18 18:51:59,901 - INFO - Successfully fetched 3 posts
2026-01-18 18:51:59,987 - INFO - Safety Reset: All modifier keys released.
2026-01-18 18:51:59,987 - INFO - Starting Final Optimized Automation...
2026-01-18 18:51:59,988 - INFO - Fetching data from https://jsonplaceholder.typicode.com/posts...
2026-01-18 18:52:13,285 - INFO - Successfully fetched 3 posts
2026-01-18 18:52:15,010 - INFO - Safety Reset: All modifier keys released.
2026-01-18 18:52:16,923 - INFO - Typing Post 1...
2026-01-18 18:52:23,423 - INFO - Saving file...
2026-01-18 18:52:27,616 - INFO - Closing Notepad tab (Ctrl+W)...
2026-01-18 18:52:27,700 - INFO - Safety Reset: All modifier keys released.
2026-01-18 18:52:32,838 - WARNING - Window took too long to close.
2026-01-18 18:52:32,927 - INFO - Safety Reset: All modifier keys released.
2026-01-18 18:52:32,927 - INFO - Success: Post 1 finished.
2026-01-18 18:52:34,430 - INFO - Template matching failed. Trying full fallback?
2026-01-18 18:52:34,431 - ERROR - Failed: Icon not visible for Post 2
2026-01-18 18:52:36,115 - INFO - Template matching failed. Trying full fallback?
2026-01-18 18:52:36,116 - ERROR - Failed: Icon not visible for Post 3
2026-01-18 18:53:21,597 - INFO - Safety Reset: All modifier keys released.
2026-01-18 18:53:21,599 - INFO - Fetching data from https://jsonplaceholder.typicode.com/posts...
2026-01-18 18:53:31,607 - INFO - Successfully fetched 3 posts
2026-01-18 18:53:31,693 - INFO - Safety Reset: All modifier keys released.
2026-01-18 18:53:31,693 - INFO - Starting Final Optimized Automation...
2026-01-18 18:53:31,694 - INFO - Fetching data from https://jsonplaceholder.typicode.com/posts...
2026-01-18 18:53:51,714 - ERROR - API Fetch Error: HTTPSConnectionPool(host='jsonplaceholder.typicode.com', port=443): Max retries exceeded with url: /posts (Caused by ConnectTimeoutError(<HTTPSConnection(host='jsonplaceholder.typicode.com', port=443) at 0x29d3f1e2490>, 'Connection to jsonplaceholder.typicode.com timed out. (connect timeout=10)'))
2026-01-18 18:54:05,588 - INFO - Safety Reset: All modifier keys released.
2026-01-18 18:54:05,589 - INFO - Fetching data from https://jsonplaceholder.typicode.com/posts...
2026-01-18 18:54:10,699 - INFO - Successfully fetched 3 posts
2026-01-18 18:54:10,786 - INFO - Safety Reset: All modifier keys released.
2026-01-18 18:54:10,786 - INFO - Starting Final Optimized Automation...
2026-01-18 18:54:10,787 - INFO - Fetching data from https://jsonplaceholder.typicode.com/posts...
2026-01-18 18:54:17,594 - INFO - Successfully fetched 3 posts
2026-01-18 18:54:19,163 - INFO - Safety Reset: All modifier keys released.
2026-01-18 18:54:21,068 - INFO - Typing Post 1...
2026-01-18 18:54:27,396 - INFO - Saving file...
2026-01-18 18:54:31,555 - INFO - Closing Notepad tab (Ctrl+W)...
2026-01-18 18:54:31,640 - INFO - Safety Reset: All modifier keys released.
2026-01-18 18:54:36,782 - WARNING - Window took too long to close.
2026-01-18 18:54:36,866 - INFO - Safety Reset: All modifier keys released.
2026-01-18 18:54:36,866 - INFO - Success: Post 1 finished.
2026-01-18 18:54:38,437 - INFO - Safety Reset: All modifier keys released.
2026-01-18 18:54:39,347 - INFO - Typing Post 2...
2026-01-18 18:54:45,420 - INFO - Saving file...
2026-01-18 18:54:49,576 - INFO - Closing Notepad tab (Ctrl+W)...
2026-01-18 18:54:49,660 - INFO - Safety Reset: All modifier keys released.
2026-01-18 18:54:54,801 - WARNING - Window took too long to close.
2026-01-18 18:54:54,887 - INFO - Safety Reset: All modifier keys released.
2026-01-18 18:54:54,887 - INFO - Success: Post 2 finished.
2026-01-18 18:54:56,507 - INFO - Safety Reset: All modifier keys released.
2026-01-18 18:54:57,415 - INFO - Typing Post 3...
2026-01-18 18:55:03,601 - INFO - Saving file...
2026-01-18 18:55:07,757 - INFO - Closing Notepad tab (Ctrl+W)...
2026-01-18 18:55:07,842 - INFO - Safety Reset: All modifier keys released.
2026-01-18 18:55:12,985 - WARNING - Window took too long to close.
2026-01-18 18:55:13,069 - INFO - Safety Reset: All modifier keys released.
2026-01-18 18:55:13,069 - INFO - Success: Post 3 finished.
2026-01-18 18:56:22,754 - INFO - Safety Reset: All modifier keys released.
2026-01-18 18:56:22,756 - INFO - Fetching data from https://jsonplaceholder.typicode.com/posts...
2026-01-18 18:56:25,706 - INFO - Successfully fetched 3 posts
2026-01-18 18:56:26,112 - INFO - Safety Reset: All modifier keys released.
2026-01-18 18:56:26,112 - INFO - Starting Final Optimized Automation...
2026-01-18 18:56:26,113 - INFO - Fetching data from https://jsonplaceholder.typicode.com/posts...
2026-01-18 18:56:32,431 - INFO - Successfully fetched 3 posts
2026-01-18 18:56:34,032 - INFO - Safety Reset: All modifier keys released.
2026-01-18 18:56:35,943 - INFO - Typing Post 1...
2026-01-18 18:56:42,310 - INFO - Saving file...
2026-01-18 18:56:46,470 - INFO - Closing Notepad tab (Ctrl+W)...
2026-01-18 18:56:46,553 - INFO - Safety Reset: All modifier keys released.
2026-01-18 18:56:48,628 - WARNING - Window took too long to close.
2026-01-18 18:56:48,713 - INFO - Safety Reset: All modifier keys released.
2026-01-18 18:56:48,713 - INFO - Success: Post 1 finished.
2026-01-18 18:56:50,352 - INFO - Safety Reset: All modifier keys released.
2026-01-18 18:56:52,264 - INFO - Typing Post 2...
2026-01-18 18:56:58,310 - INFO - Saving file...
2026-01-18 18:57:02,474 - INFO - Closing Notepad tab (Ctrl+W)...
2026-01-18 18:57:02,558 - INFO - Safety Reset: All modifier keys released.
2026-01-18 18:57:04,631 - WARNING - Window took too long to close.
2026-01-18 18:57:04,715 - INFO - Safety Reset: All modifier keys released.
2026-01-18 18:57:04,715 - INFO - Success: Post 2 finished.
2026-01-18 18:57:06,308 - INFO - Safety Reset: All modifier keys released.
2026-01-18 18:57:08,215 - INFO - Typing Post 3...
2026-01-18 18:57:14,361 - INFO - Saving file...
2026-01-18 18:57:18,533 - INFO - Closing Notepad tab (Ctrl+W)...
2026-01-18 18:57:18,618 - INFO - Safety Reset: All modifier keys released.
2026-01-18 18:57:20,693 - WARNING - Window took too long to close.
2026-01-18 18:57:20,778 - INFO - Safety Reset: All modifier keys released.
2026-01-18 18:57:20,778 - INFO - Success: Post 3 finished.
2026-01-18 18:57:56,552 - INFO - Safety Reset: All modifier keys released.
2026-01-18 18:57:56,558 - INFO - Fetching data from https://jsonplaceholder.typicode.com/posts...
2026-01-18 18:57:58,780 - INFO - Successfully fetched 3 posts
2026-01-18 18:57:59,186 - INFO - Safety Reset: All modifier keys released.
2026-01-18 18:57:59,186 - INFO - Starting Final Optimized Automation...
2026-01-18 18:57:59,187 - INFO - Fetching data from https://jsonplaceholder.typicode.com/posts...
2026-01-18 18:58:05,141 - INFO - Successfully fetched 3 posts
2026-01-18 18:58:06,735 - INFO - Safety Reset: All modifier keys released.
2026-01-18 18:58:08,641 - INFO - Typing Post 1...
2026-01-18 18:58:14,967 - INFO - Saving file...
2026-01-18 18:58:19,125 - INFO - Closing Notepad tab (Ctrl+W)...
2026-01-18 18:58:19,208 - INFO - Safety Reset: All modifier keys released.
2026-01-18 18:58:21,283 - WARNING - Window took too long to close.
2026-01-18 18:58:21,367 - INFO - Safety Reset: All modifier keys released.
2026-01-18 18:58:21,367 - INFO - Success: Post 1 finished.
2026-01-18 18:58:22,967 - INFO - Safety Reset: All modifier keys released.
2026-01-18 18:58:24,877 - INFO - Typing Post 2...
2026-01-18 18:58:30,912 - INFO - Saving file...
2026-01-18 18:58:35,094 - INFO - Closing Notepad tab (Ctrl+W)...
2026-01-18 18:58:35,178 - INFO - Safety Reset: All modifier keys released.
2026-01-18 18:58:37,251 - WARNING - Window took too long to close.
2026-01-18 18:58:37,336 - INFO - Safety Reset: All modifier keys released.
2026-01-18 18:58:37,337 - INFO - Success: Post 2 finished.
2026-01-18 18:58:38,894 - INFO - Template matching failed. Trying full fallback?
2026-01-18 18:58:38,895 - ERROR - Failed: Icon not visible for Post 3
2026-01-18 19:00:51,255 - INFO - Safety Reset: All modifier keys released.
2026-01-18 19:00:51,256 - INFO - Fetching data from https://jsonplaceholder.typicode.com/posts...
2026-01-18 19:00:53,550 - INFO - Successfully fetched 3 posts
2026-01-18 19:00:53,955 - INFO - Safety Reset: All modifier keys released.
2026-01-18 19:00:53,956 - INFO - Starting Final Optimized Automation...
2026-01-18 19:00:53,957 - INFO - Fetching data from https://jsonplaceholder.typicode.com/posts...
2026-01-18 19:00:56,830 - INFO - Successfully fetched 3 posts
2026-01-18 19:00:58,432 - INFO - Safety Reset: All modifier keys released.
2026-01-18 19:01:00,341 - INFO - Typing Post 1...
2026-01-18 19:01:06,660 - INFO - Saving file...
2026-01-18 19:01:10,836 - INFO - Closing Notepad tab (Ctrl+W)...
2026-01-18 19:01:10,920 - INFO - Safety Reset: All modifier keys released.
2026-01-18 19:01:12,996 - WARNING - Window took too long to close.
2026-01-18 19:01:13,081 - INFO - Safety Reset: All modifier keys released.
2026-01-18 19:01:13,082 - INFO - Success: Post 1 finished.
2026-01-18 19:01:14,627 - INFO - Template matching failed. Trying full fallback?
2026-01-18 19:01:14,629 - ERROR - Failed: Icon not visible for Post 2
2026-01-18 19:01:16,161 - INFO - Template matching failed. Trying full fallback?
2026-01-18 19:01:16,163 - ERROR - Failed: Icon not visible for Post 3
2026-01-18 19:02:11,757 - INFO - Safety Reset: All modifier keys released.
2026-01-18 19:02:11,759 - INFO - Fetching data from https://jsonplaceholder.typicode.com/posts...
2026-01-18 19:02:14,606 - INFO - Successfully fetched 3 posts
2026-01-18 19:02:15,011 - INFO - Safety Reset: All modifier keys released.
2026-01-18 19:02:15,011 - INFO - Starting Final Optimized Automation...
2026-01-18 19:02:15,012 - INFO - Fetching data from https://jsonplaceholder.typicode.com/posts...
2026-01-18 19:02:17,097 - INFO - Successfully fetched 3 posts
2026-01-18 19:02:18,668 - INFO - Safety Reset: All modifier keys released.
2026-01-18 19:02:20,580 - INFO - Typing Post 1...
2026-01-18 19:02:26,905 - INFO - Saving file...
2026-01-18 19:02:31,077 - INFO - Closing Notepad tab (Ctrl+W)...
2026-01-18 19:02:31,161 - INFO - Safety Reset: All modifier keys released.
2026-01-18 19:02:33,235 - WARNING - Window took too long to close.
2026-01-18 19:02:33,321 - INFO - Safety Reset: All modifier keys released.
2026-01-18 19:02:33,321 - INFO - Success: Post 1 finished.
2026-01-18 19:02:34,894 - INFO - Template matching failed. Trying full fallback?
2026-01-18 19:02:34,895 - ERROR - Failed: Icon not visible for Post 2
2026-01-18 19:02:36,403 - INFO - Template matching failed. Trying full fallback?
2026-01-18 19:02:36,404 - ERROR - Failed: Icon not visible for Post 3
2026-01-18 19:03:59,112 - INFO - Safety Reset: All modifier keys released.
2026-01-18 19:03:59,135 - INFO - Fetching data from https://jsonplaceholder.typicode.com/posts...
2026-01-18 19:04:02,529 - INFO - Successfully fetched 3 posts
2026-01-18 19:04:02,935 - INFO - Safety Reset: All modifier keys released.
2026-01-18 19:04:02,936 - INFO - Starting Final Optimized Automation...
2026-01-18 19:04:02,937 - INFO - Fetching data from https://jsonplaceholder.typicode.com/posts...
2026-01-18 19:04:04,640 - INFO - Successfully fetched 3 posts
2026-01-18 19:04:06,275 - INFO - Safety Reset: All modifier keys released.
2026-01-18 19:04:08,187 - INFO - Typing Post 1...
2026-01-18 19:04:14,520 - INFO - Saving file...
2026-01-18 19:04:18,689 - INFO - Closing Notepad tab (Ctrl+W)...
2026-01-18 19:04:18,772 - INFO - Safety Reset: All modifier keys released.
2026-01-18 19:04:20,849 - WARNING - Window took too long to close.
2026-01-18 19:04:20,933 - INFO - Safety Reset: All modifier keys released.
2026-01-18 19:04:20,934 - INFO - Success: Post 1 finished.
2026-01-18 19:04:22,543 - INFO - Template matching failed. Trying full fallback?
2026-01-18 19:04:22,544 - ERROR - Failed: Icon not visible for Post 2
2026-01-18 19:04:24,055 - INFO - Template matching failed. Trying full fallback?
2026-01-18 19:04:24,056 - ERROR - Failed: Icon not visible for Post 3
2026-01-18 19:05:26,844 - INFO - Safety Reset: All modifier keys released.
2026-01-18 19:05:26,845 - INFO - Fetching data from https://jsonplaceholder.typicode.com/posts...
2026-01-18 19:05:29,474 - INFO - Successfully fetched 10 posts
2026-01-18 19:05:29,960 - INFO - Safety Reset: All modifier keys released.
2026-01-18 19:05:29,961 - INFO - Starting Final Optimized Automation...
2026-01-18 19:05:29,961 - INFO - Fetching data from https://jsonplaceholder.typicode.com/posts...
2026-01-18 19:05:39,988 - INFO - Successfully fetched 3 posts
2026-01-18 19:05:41,640 - INFO - Safety Reset: All modifier keys released.
2026-01-18 19:05:43,546 - INFO - Typing Post 1...
2026-01-18 19:05:49,886 - INFO - Saving file...
2026-01-18 19:05:54,055 - INFO - Closing Notepad tab (Ctrl+W)...
2026-01-18 19:05:54,139 - INFO - Safety Reset: All modifier keys released.
2026-01-18 19:05:56,213 - WARNING - Window took too long to close.
2026-01-18 19:05:56,297 - INFO - Safety Reset: All modifier keys released.
2026-01-18 19:05:56,298 - INFO - Success: Post 1 finished.
2026-01-18 19:05:57,837 - INFO - Template matching failed. Trying full fallback?
2026-01-18 19:05:57,838 - ERROR - Failed: Icon not visible for Post 2
2026-01-18 19:05:59,393 - INFO - Template matching failed. Trying full fallback?
2026-01-18 19:05:59,395 - ERROR - Failed: Icon not visible for Post 3
2026-01-18 19:08:07,498 - INFO - Safety Reset: All modifier keys released.
2026-01-18 19:08:07,499 - INFO - Fetching data from https://jsonplaceholder.typicode.com/posts...
2026-01-18 19:08:10,846 - INFO - Successfully fetched 10 posts
2026-01-18 19:08:11,332 - INFO - Safety Reset: All modifier keys released.
2026-01-18 19:08:11,332 - INFO - Starting Final Optimized Automation...
2026-01-18 19:08:11,333 - INFO - Fetching data from https://jsonplaceholder.typicode.com/posts...
2026-01-18 19:08:12,968 - INFO - Successfully fetched 3 posts
2026-01-18 19:08:15,960 - INFO - Template matching failed. Trying full fallback?
2026-01-18 19:08:15,962 - WARNING - Icon not seen for Post 1, retrying Win+D...
2026-01-18 19:08:15,962 - ERROR - Error: name 'pyautogui' is not defined
2026-01-18 19:08:16,046 - INFO - Safety Reset: All modifier keys released.
2026-01-18 19:08:18,953 - INFO - Template matching failed. Trying full fallback?
2026-01-18 19:08:18,954 - WARNING - Icon not seen for Post 2, retrying Win+D...
2026-01-18 19:08:18,956 - ERROR - Error: name 'pyautogui' is not defined
2026-01-18 19:08:19,040 - INFO - Safety Reset: All modifier keys released.
2026-01-18 19:08:22,103 - INFO - Template matching failed. Trying full fallback?
2026-01-18 19:08:22,104 - WARNING - Icon not seen for Post 3, retrying Win+D...
2026-01-18 19:08:22,104 - ERROR - Error: name 'pyautogui' is not defined
2026-01-18 19:08:22,188 - INFO - Safety Reset: All modifier keys released.
2026-01-18 19:26:51,304 - INFO - Safety Reset: All modifier keys released.
2026-01-18 19:26:51,306 - INFO - Fetching data from https://jsonplaceholder.typicode.com/posts...
2026-01-18 19:26:55,134 - INFO - Successfully fetched 10 posts
2026-01-18 19:26:55,622 - INFO - Safety Reset: All modifier keys released.
2026-01-18 19:26:55,622 - INFO - Starting Final Optimized Automation...
2026-01-18 19:26:55,623 - INFO - Fetching data from https://jsonplaceholder.typicode.com/posts...
2026-01-18 19:26:57,542 - INFO - Successfully fetched 3 posts
2026-01-18 19:27:00,550 - INFO - Template matching failed. Trying full fallback?
2026-01-18 19:27:00,551 - WARNING - Icon not seen for Post 1, retrying Win+D...
2026-01-18 19:27:00,551 - ERROR - Error: name 'pyautogui' is not defined
2026-01-18 19:27:00,635 - INFO - Safety Reset: All modifier keys released.
2026-01-18 19:27:03,550 - INFO - Template matching failed. Trying full fallback?
2026-01-18 19:27:03,552 - WARNING - Icon not seen for Post 2, retrying Win+D...
2026-01-18 19:27:03,552 - ERROR - Error: name 'pyautogui' is not defined
2026-01-18 19:27:03,635 - INFO - Safety Reset: All modifier keys released.
2026-01-18 19:27:06,640 - INFO - Template matching failed. Trying full fallback?
2026-01-18 19:27:06,641 - WARNING - Icon not seen for Post 3, retrying Win+D...
2026-01-18 19:27:06,641 - ERROR - Error: name 'pyautogui' is not defined
2026-01-18 19:27:06,726 - INFO - Safety Reset: All modifier keys released.
2026-01-18 19:27:30,272 - INFO - Safety Reset: All modifier keys released.
2026-01-18 19:27:30,274 - INFO - Fetching data from https://jsonplaceholder.typicode.com/posts...
2026-01-18 19:27:33,042 - INFO - Successfully fetched 10 posts
2026-01-18 19:27:33,527 - INFO - Safety Reset: All modifier keys released.
2026-01-18 19:27:33,527 - INFO - Starting Final Optimized Automation...
2026-01-18 19:27:33,528 - INFO - Fetching data from https://jsonplaceholder.typicode.com/posts...
2026-01-18 19:27:35,296 - INFO - Successfully fetched 3 posts
2026-01-18 19:27:38,336 - INFO - Template matching failed. Trying full fallback?
2026-01-18 19:27:38,337 - WARNING - Icon not seen for Post 1, retrying Win+D...
2026-01-18 19:27:38,337 - ERROR - Error: name 'pyautogui' is not defined
2026-01-18 19:27:38,421 - INFO - Safety Reset: All modifier keys released.
2026-01-18 19:27:41,319 - INFO - Template matching failed. Trying full fallback?
2026-01-18 19:27:41,320 - WARNING - Icon not seen for Post 2, retrying Win+D...
2026-01-18 19:27:41,321 - ERROR - Error: name 'pyautogui' is not defined
2026-01-18 19:27:41,405 - INFO - Safety Reset: All modifier keys released.
2026-01-18 19:27:44,309 - INFO - Template matching failed. Trying full fallback?
2026-01-18 19:27:44,310 - WARNING - Icon not seen for Post 3, retrying Win+D...
2026-01-18 19:27:44,310 - ERROR - Error: name 'pyautogui' is not defined
2026-01-18 19:27:44,393 - INFO - Safety Reset: All modifier keys released.
2026-01-18 19:30:10,841 - INFO - Safety Reset: All modifier keys released.
2026-01-18 19:30:10,843 - INFO - Fetching data from https://jsonplaceholder.typicode.com/posts...
2026-01-18 19:30:13,789 - INFO - Successfully fetched 10 posts
2026-01-18 19:30:14,275 - INFO - Safety Reset: All modifier keys released.
2026-01-18 19:30:14,276 - INFO - Starting Final Optimized Automation...
2026-01-18 19:30:14,277 - INFO - Fetching data from https://jsonplaceholder.typicode.com/posts...
2026-01-18 19:30:17,251 - INFO - Successfully fetched 3 posts
2026-01-18 19:30:20,309 - INFO - Template matching failed. Trying full fallback?
2026-01-18 19:30:20,310 - WARNING - Icon not seen for Post 1, retrying Win+D...
2026-01-18 19:30:24,450 - INFO - Template matching failed. Trying full fallback?
2026-01-18 19:30:24,451 - WARNING - Icon not seen for Post 2, retrying Win+D...
2026-01-18 19:30:28,532 - INFO - Template matching failed. Trying full fallback?
2026-01-18 19:30:28,534 - WARNING - Icon not seen for Post 3, retrying Win+D...
2026-01-18 19:31:21,068 - INFO - Safety Reset: All modifier keys released.
2026-01-18 19:31:21,086 - INFO - Fetching data from https://jsonplaceholder.typicode.com/posts...
2026-01-18 19:31:25,212 - INFO - Successfully fetched 10 posts
2026-01-18 19:31:25,698 - INFO - Safety Reset: All modifier keys released.
2026-01-18 19:31:25,698 - INFO - Starting Final Optimized Automation...
2026-01-18 19:31:25,699 - INFO - Fetching data from https://jsonplaceholder.typicode.com/posts...
2026-01-18 19:31:29,536 - INFO - Successfully fetched 3 posts
2026-01-18 19:31:32,618 - INFO - Safety Reset: All modifier keys released.
2026-01-18 19:31:34,529 - INFO - Typing Post 1...
2026-01-18 19:31:40,879 - INFO - Saving file...
2026-01-18 19:31:45,033 - INFO - Closing Notepad tab (Ctrl+W)...
2026-01-18 19:31:45,118 - INFO - Safety Reset: All modifier keys released.
2026-01-18 19:31:47,194 - WARNING - Window took too long to close.
2026-01-18 19:31:47,278 - INFO - Safety Reset: All modifier keys released.
2026-01-18 19:31:47,278 - INFO - Success: Post 1 finished.
2026-01-18 19:31:50,305 - INFO - Template matching failed. Trying full fallback?
2026-01-18 19:31:50,306 - WARNING - Icon not seen for Post 2, retrying Win+D...
2026-01-18 19:31:54,325 - INFO - Template matching failed. Trying full fallback?
2026-01-18 19:31:54,327 - WARNING - Icon not seen for Post 3, retrying Win+D...
2026-01-18 19:43:57,223 - INFO - Safety Reset: All modifier keys released.
2026-01-18 19:43:57,224 - INFO - Starting Automation...
2026-01-18 19:43:57,225 - INFO - Fetching data from https://jsonplaceholder.typicode.com/posts...
2026-01-18 19:44:02,607 - INFO - Successfully fetched 3 posts
2026-01-18 19:44:06,262 - INFO - Ambiguous matches detected. Triggering OCR.
2026-01-18 19:44:07,173 - WARNING - OCR Failed: OpenCV(4.13.0) D:\a\opencv-python\opencv-python\opencv\modules\imgproc\src\color.cpp:199: error: (-215:Assertion failed) !_src.empty() in function 'cv::cvtColor'

2026-01-18 19:44:07,173 - WARNING - OCR verification inconclusive. Reverting to best template match.
2026-01-18 19:44:07,659 - INFO - Safety Reset: All modifier keys released.
2026-01-18 19:44:09,873 - INFO - Typing Post 1...
2026-01-18 19:44:41,336 - INFO - Saving file...
2026-01-18 19:44:50,390 - INFO - Closing Notepad tab (Ctrl+W)...
2026-01-18 19:44:50,876 - INFO - Safety Reset: All modifier keys released.
2026-01-18 19:44:52,002 - INFO - Cleaning up remaining Notepad window...
2026-01-18 19:44:52,624 - INFO - Task for Post 1 completed.
2026-01-18 19:44:53,109 - INFO - Safety Reset: All modifier keys released.
2026-01-18 19:44:57,342 - INFO - Safety Reset: All modifier keys released.
2026-01-18 19:45:13,574 - ERROR - Execution Error: Notepad failed to open or focus.
2026-01-18 19:45:14,059 - INFO - Safety Reset: All modifier keys released.
2026-01-18 19:45:14,059 - ERROR - Error on post 2: Notepad failed to open or focus.
2026-01-18 19:45:14,543 - INFO - Safety Reset: All modifier keys released.
2026-01-18 19:45:18,684 - INFO - Safety Reset: All modifier keys released.
2026-01-18 19:45:20,891 - INFO - Typing Post 3...
2026-01-18 19:45:51,200 - INFO - Saving file...
2026-01-18 19:46:00,255 - INFO - Closing Notepad tab (Ctrl+W)...
2026-01-18 19:46:00,741 - INFO - Safety Reset: All modifier keys released.
2026-01-18 19:46:01,866 - INFO - Cleaning up remaining Notepad window...
2026-01-18 19:46:02,490 - INFO - Task for Post 3 completed.
2026-01-18 19:46:02,974 - INFO - Safety Reset: All modifier keys released.
2026-01-18 19:46:28,732 - INFO - Safety Reset: All modifier keys released.
2026-01-18 19:46:28,733 - INFO - Starting Automation...
2026-01-18 19:46:28,734 - INFO - Fetching data from https://jsonplaceholder.typicode.com/posts...
2026-01-18 19:46:31,712 - INFO - Successfully fetched 3 posts
2026-01-18 19:46:35,324 - INFO - Ambiguous matches detected. Triggering OCR.
2026-01-18 19:46:35,472 - WARNING - OCR Failed: OpenCV(4.13.0) D:\a\opencv-python\opencv-python\opencv\modules\imgproc\src\color.cpp:199: error: (-215:Assertion failed) !_src.empty() in function 'cv::cvtColor'

2026-01-18 19:46:35,472 - WARNING - OCR verification inconclusive. Reverting to best template match.
2026-01-18 19:46:35,957 - INFO - Safety Reset: All modifier keys released.
2026-01-18 19:46:38,169 - INFO - Typing Post 1...
2026-01-18 19:47:09,640 - INFO - Saving file...
2026-01-18 19:47:18,692 - INFO - Closing Notepad tab (Ctrl+W)...
2026-01-18 19:47:19,178 - INFO - Safety Reset: All modifier keys released.
2026-01-18 19:47:20,304 - INFO - Cleaning up remaining Notepad window...
2026-01-18 19:47:20,928 - INFO - Task for Post 1 completed.
2026-01-18 19:47:21,412 - INFO - Safety Reset: All modifier keys released.
2026-01-18 19:47:25,025 - INFO - Ambiguous matches detected. Triggering OCR.
2026-01-18 19:47:25,149 - WARNING - OCR Failed: OpenCV(4.13.0) D:\a\opencv-python\opencv-python\opencv\modules\imgproc\src\color.cpp:199: error: (-215:Assertion failed) !_src.empty() in function 'cv::cvtColor'

2026-01-18 19:47:25,150 - WARNING - OCR verification inconclusive. Reverting to best template match.
2026-01-18 19:47:25,636 - INFO - Safety Reset: All modifier keys released.
2026-01-18 19:47:27,850 - INFO - Typing Post 2...
2026-01-18 19:47:57,574 - INFO - Saving file...
2026-01-18 19:48:06,636 - INFO - Closing Notepad tab (Ctrl+W)...
2026-01-18 19:48:07,121 - INFO - Safety Reset: All modifier keys released.
2026-01-18 19:48:08,246 - INFO - Cleaning up remaining Notepad window...
2026-01-18 19:48:08,869 - INFO - Task for Post 2 completed.
2026-01-18 19:48:09,354 - INFO - Safety Reset: All modifier keys released.
2026-01-18 19:48:13,013 - INFO - Ambiguous matches detected. Triggering OCR.
2026-01-18 19:48:13,013 - WARNING - OCR Failed: OpenCV(4.13.0) D:\a\opencv-python\opencv-python\opencv\modules\imgproc\src\color.cpp:199: error: (-215:Assertion failed) !_src.empty() in function 'cv::cvtColor'

2026-01-18 19:48:13,115 - WARNING - OCR verification inconclusive. Reverting to best template match.
2026-01-18 19:48:13,601 - INFO - Safety Reset: All modifier keys released.
2026-01-18 19:48:29,831 - ERROR - Execution Error: Notepad failed to open or focus.
2026-01-18 19:48:30,318 - INFO - Safety Reset: All modifier keys released.
2026-01-18 19:48:30,318 - ERROR - Error on post 3: Notepad failed to open or focus.
2026-01-18 19:48:30,803 - INFO - Safety Reset: All modifier keys released.
2026-01-18 19:50:08,333 - INFO - Safety Reset: All modifier keys released.
2026-01-18 19:50:08,334 - INFO - Starting Automation...
2026-01-18 19:50:08,335 - INFO - Fetching data from https://jsonplaceholder.typicode.com/posts...
2026-01-18 19:50:10,754 - INFO - Successfully fetched 3 posts
2026-01-18 19:50:14,463 - INFO - Ambiguous matches detected. Triggering OCR.
2026-01-18 19:50:14,606 - WARNING - OCR Failed: OpenCV(4.13.0) D:\a\opencv-python\opencv-python\opencv\modules\imgproc\src\color.cpp:199: error: (-215:Assertion failed) !_src.empty() in function 'cv::cvtColor'

2026-01-18 19:50:14,607 - WARNING - OCR verification inconclusive. Reverting to best template match.
2026-01-18 19:50:15,093 - INFO - Safety Reset: All modifier keys released.
2026-01-18 19:50:17,301 - INFO - Typing Post 1...
2026-01-18 19:50:48,794 - INFO - Saving file...
2026-01-18 19:50:57,851 - INFO - Closing Notepad tab (Ctrl+W)...
2026-01-18 19:50:58,336 - INFO - Safety Reset: All modifier keys released.
2026-01-18 19:50:59,460 - INFO - Cleaning up remaining Notepad window...
2026-01-18 19:51:00,084 - INFO - Task for Post 1 completed.
2026-01-18 19:51:00,570 - INFO - Safety Reset: All modifier keys released.
2026-01-18 19:51:04,209 - INFO - Ambiguous matches detected. Triggering OCR.
2026-01-18 19:51:04,321 - WARNING - OCR Failed: OpenCV(4.13.0) D:\a\opencv-python\opencv-python\opencv\modules\imgproc\src\color.cpp:199: error: (-215:Assertion failed) !_src.empty() in function 'cv::cvtColor'

2026-01-18 19:51:04,321 - WARNING - OCR verification inconclusive. Reverting to best template match.
2026-01-18 19:51:04,808 - INFO - Safety Reset: All modifier keys released.
2026-01-18 19:51:07,020 - INFO - Typing Post 2...
2026-01-18 19:51:36,806 - INFO - Saving file...
2026-01-18 19:51:45,852 - INFO - Closing Notepad tab (Ctrl+W)...
2026-01-18 19:51:46,337 - INFO - Safety Reset: All modifier keys released.
2026-01-18 19:51:47,463 - INFO - Cleaning up remaining Notepad window...
2026-01-18 19:51:48,087 - INFO - Task for Post 2 completed.
2026-01-18 19:51:48,572 - INFO - Safety Reset: All modifier keys released.
2026-01-18 19:51:52,161 - INFO - Ambiguous matches detected. Triggering OCR.
2026-01-18 19:51:52,294 - WARNING - OCR Failed: OpenCV(4.13.0) D:\a\opencv-python\opencv-python\opencv\modules\imgproc\src\color.cpp:199: error: (-215:Assertion failed) !_src.empty() in function 'cv::cvtColor'

2026-01-18 19:51:52,294 - WARNING - OCR verification inconclusive. Reverting to best template match.
2026-01-18 19:51:52,779 - INFO - Safety Reset: All modifier keys released.
2026-01-18 19:51:54,994 - INFO - Typing Post 3...
2026-01-18 19:52:25,383 - INFO - Saving file...
2026-01-18 19:52:34,443 - INFO - Closing Notepad tab (Ctrl+W)...
2026-01-18 19:52:34,928 - INFO - Safety Reset: All modifier keys released.
2026-01-18 19:52:36,055 - INFO - Cleaning up remaining Notepad window...
2026-01-18 19:52:36,680 - INFO - Task for Post 3 completed.
2026-01-18 19:52:37,168 - INFO - Safety Reset: All modifier keys released.
2026-01-18 20:00:28,156 - INFO - Safety Reset: All modifier keys released.
2026-01-18 20:00:28,157 - INFO - Starting Automation...
2026-01-18 20:00:28,158 - INFO - Fetching data from https://jsonplaceholder.typicode.com/posts...
2026-01-18 20:00:49,568 - ERROR - API Fetch Error: HTTPSConnectionPool(host='jsonplaceholder.typicode.com', port=443): Max retries exceeded with url: /posts (Caused by ConnectTimeoutError(<HTTPSConnection(host='jsonplaceholder.typicode.com', port=443) at 0x1ab34b75fd0>, 'Connection to jsonplaceholder.typicode.com timed out. (connect timeout=10)'))
2026-01-18 20:00:57,883 - INFO - Safety Reset: All modifier keys released.
2026-01-18 20:00:57,884 - INFO - Starting Automation...
2026-01-18 20:00:57,887 - INFO - Fetching data from https://jsonplaceholder.typicode.com/posts...
2026-01-18 20:01:10,015 - INFO - Successfully fetched 3 posts
2026-01-18 20:01:13,660 - INFO - Ambiguous matches detected. Triggering OCR.
2026-01-18 20:01:13,809 - WARNING - OCR Failed: OpenCV(4.13.0) D:\a\opencv-python\opencv-python\opencv\modules\imgproc\src\color.cpp:199: error: (-215:Assertion failed) !_src.empty() in function 'cv::cvtColor'

2026-01-18 20:01:13,810 - WARNING - OCR verification inconclusive. Reverting to best template match.
2026-01-18 20:01:14,296 - INFO - Safety Reset: All modifier keys released.
2026-01-18 20:01:16,512 - INFO - Typing Post 1...
2026-01-18 20:01:48,042 - INFO - Saving file...
2026-01-18 20:01:57,092 - INFO - Closing Notepad tab (Ctrl+W)...
2026-01-18 20:01:57,579 - INFO - Safety Reset: All modifier keys released.
2026-01-18 20:01:58,706 - INFO - Cleaning up remaining Notepad window...
2026-01-18 20:01:59,332 - INFO - Task for Post 1 completed.
2026-01-18 20:01:59,817 - INFO - Safety Reset: All modifier keys released.
2026-01-18 20:02:03,446 - INFO - Ambiguous matches detected. Triggering OCR.
2026-01-18 20:02:03,556 - WARNING - OCR Failed: OpenCV(4.13.0) D:\a\opencv-python\opencv-python\opencv\modules\imgproc\src\color.cpp:199: error: (-215:Assertion failed) !_src.empty() in function 'cv::cvtColor'

2026-01-18 20:02:03,556 - WARNING - OCR verification inconclusive. Reverting to best template match.
2026-01-18 20:02:04,042 - INFO - Safety Reset: All modifier keys released.
2026-01-18 20:02:06,254 - INFO - Typing Post 2...
2026-01-18 20:02:36,150 - INFO - Saving file...
2026-01-18 20:02:45,212 - INFO - Closing Notepad tab (Ctrl+W)...
2026-01-18 20:02:45,697 - INFO - Safety Reset: All modifier keys released.
2026-01-18 20:02:46,822 - INFO - Cleaning up remaining Notepad window...
2026-01-18 20:02:47,446 - INFO - Task for Post 2 completed.
2026-01-18 20:02:47,932 - INFO - Safety Reset: All modifier keys released.
2026-01-18 20:02:51,591 - INFO - Ambiguous matches detected. Triggering OCR.
2026-01-18 20:02:51,700 - WARNING - OCR Failed: OpenCV(4.13.0) D:\a\opencv-python\opencv-python\opencv\modules\imgproc\src\color.cpp:199: error: (-215:Assertion failed) !_src.empty() in function 'cv::cvtColor'

2026-01-18 20:02:51,700 - WARNING - OCR verification inconclusive. Reverting to best template match.
2026-01-18 20:02:52,186 - INFO - Safety Reset: All modifier keys released.
2026-01-18 20:02:54,400 - INFO - Typing Post 3...
2026-01-18 20:03:24,822 - INFO - Saving file...
2026-01-18 20:03:33,888 - INFO - Closing Notepad tab (Ctrl+W)...
2026-01-18 20:03:34,372 - INFO - Safety Reset: All modifier keys released.
2026-01-18 20:03:35,496 - INFO - Cleaning up remaining Notepad window...
2026-01-18 20:03:36,120 - INFO - Task for Post 3 completed.
2026-01-18 20:03:36,606 - INFO - Safety Reset: All modifier keys released.
2026-01-18 20:05:57,577 - INFO - Safety Reset: All modifier keys released.
2026-01-18 20:05:57,578 - INFO - Starting Automation...
2026-01-18 20:05:57,579 - INFO - Fetching data from https://jsonplaceholder.typicode.com/posts...
2026-01-18 20:06:01,847 - INFO - Successfully fetched 3 posts
2026-01-18 20:06:05,510 - INFO - Ambiguous matches detected. Triggering OCR.
2026-01-18 20:06:05,664 - WARNING - OCR Failed: OpenCV(4.13.0) D:\a\opencv-python\opencv-python\opencv\modules\imgproc\src\color.cpp:199: error: (-215:Assertion failed) !_src.empty() in function 'cv::cvtColor'

2026-01-18 20:06:05,664 - WARNING - OCR verification inconclusive. Reverting to best template match.
2026-01-18 20:06:06,149 - INFO - Safety Reset: All modifier keys released.
2026-01-18 20:06:08,357 - INFO - Typing Post 1...
2026-01-18 20:06:39,980 - INFO - Saving file...
2026-01-18 20:06:49,060 - INFO - Closing Notepad tab (Ctrl+W)...
2026-01-18 20:06:49,546 - INFO - Safety Reset: All modifier keys released.
2026-01-18 20:06:50,674 - INFO - Cleaning up remaining Notepad window...
2026-01-18 20:06:51,298 - INFO - Task for Post 1 completed.
2026-01-18 20:06:51,783 - INFO - Safety Reset: All modifier keys released.
2026-01-18 20:06:55,453 - INFO - Ambiguous matches detected. Triggering OCR.
2026-01-18 20:06:55,558 - WARNING - OCR Failed: OpenCV(4.13.0) D:\a\opencv-python\opencv-python\opencv\modules\imgproc\src\color.cpp:199: error: (-215:Assertion failed) !_src.empty() in function 'cv::cvtColor'

2026-01-18 20:06:55,558 - WARNING - OCR verification inconclusive. Reverting to best template match.
2026-01-18 20:06:56,043 - INFO - Safety Reset: All modifier keys released.
2026-01-18 20:06:58,251 - INFO - Typing Post 2...
2026-01-18 20:07:28,002 - INFO - Saving file...
2026-01-18 20:07:37,066 - INFO - Closing Notepad tab (Ctrl+W)...
2026-01-18 20:07:37,550 - INFO - Safety Reset: All modifier keys released.
2026-01-18 20:07:38,676 - INFO - Cleaning up remaining Notepad window...
2026-01-18 20:07:39,301 - INFO - Task for Post 2 completed.
2026-01-18 20:07:39,786 - INFO - Safety Reset: All modifier keys released.
2026-01-18 20:07:43,989 - INFO - Safety Reset: All modifier keys released.
2026-01-18 20:08:00,224 - ERROR - Execution Error: Notepad failed to open or focus.
2026-01-18 20:08:00,711 - INFO - Safety Reset: All modifier keys released.
2026-01-18 20:08:00,711 - ERROR - Error on post 3: Notepad failed to open or focus.
2026-01-18 20:08:01,198 - INFO - Safety Reset: All modifier keys released.
2026-01-18 20:08:55,637 - INFO - Safety Reset: All modifier keys released.
2026-01-18 20:08:55,637 - INFO - Starting Automation...
2026-01-18 20:08:55,638 - INFO - Fetching data from https://jsonplaceholder.typicode.com/posts...
2026-01-18 20:09:00,224 - INFO - Successfully fetched 3 posts
2026-01-18 20:09:04,032 - INFO - Safety Reset: All modifier keys released.
2026-01-18 20:09:19,734 - ERROR - Execution Error: Notepad failed to open or focus.
2026-01-18 20:09:19,977 - INFO - Safety Reset: All modifier keys released.
2026-01-18 20:09:19,978 - ERROR - Error on post 1: Notepad failed to open or focus.
2026-01-18 20:09:20,222 - INFO - Safety Reset: All modifier keys released.
2026-01-18 20:09:24,108 - INFO - Safety Reset: All modifier keys released.
2026-01-18 20:09:39,806 - ERROR - Execution Error: Notepad failed to open or focus.
2026-01-18 20:09:40,050 - INFO - Safety Reset: All modifier keys released.
2026-01-18 20:09:40,051 - ERROR - Error on post 2: Notepad failed to open or focus.
2026-01-18 20:09:40,296 - INFO - Safety Reset: All modifier keys released.
2026-01-18 20:09:43,902 - INFO - Template matching failed. Trying full fallback?
2026-01-18 20:09:49,721 - INFO - Safety Reset: All modifier keys released.
2026-01-18 20:09:49,721 - INFO - Starting Automation...
2026-01-18 20:09:49,723 - INFO - Fetching data from https://jsonplaceholder.typicode.com/posts...
2026-01-18 20:09:52,533 - INFO - Successfully fetched 3 posts
2026-01-18 20:09:56,177 - INFO - Template matching failed. Trying full fallback?
2026-01-18 20:09:59,608 - INFO - Template matching failed. Trying full fallback?
2026-01-18 20:10:03,222 - INFO - Template matching failed. Trying full fallback?
2026-01-18 20:10:16,395 - INFO - Safety Reset: All modifier keys released.
2026-01-18 20:10:16,396 - INFO - Starting Automation...
2026-01-18 20:10:16,397 - INFO - Fetching data from https://jsonplaceholder.typicode.com/posts...
2026-01-18 20:10:19,145 - INFO - Successfully fetched 3 posts
2026-01-18 20:10:22,730 - INFO - Template matching failed. Trying full fallback?
2026-01-18 20:10:26,164 - INFO - Template matching failed. Trying full fallback?
2026-01-18 20:10:29,797 - INFO - Template matching failed. Trying full fallback?
2026-01-18 20:11:17,766 - INFO - Safety Reset: All modifier keys released.
2026-01-18 20:11:17,768 - INFO - Starting Automation...
2026-01-18 20:11:17,791 - INFO - Fetching data from https://jsonplaceholder.typicode.com/posts...
2026-01-18 20:11:20,266 - INFO - Successfully fetched 3 posts
2026-01-18 20:11:24,243 - INFO - Safety Reset: All modifier keys released.
2026-01-18 20:11:25,934 - INFO - Typing Post 1...
2026-01-18 20:11:42,798 - INFO - Saving file...
2026-01-18 20:11:51,618 - INFO - Closing Notepad tab (Ctrl+W)...
2026-01-18 20:11:51,866 - INFO - Safety Reset: All modifier keys released.
2026-01-18 20:11:52,934 - INFO - Cleaning up remaining Notepad window...
2026-01-18 20:11:53,498 - INFO - Task for Post 1 completed.
2026-01-18 20:11:53,746 - INFO - Safety Reset: All modifier keys released.
2026-01-18 20:11:57,684 - INFO - Safety Reset: All modifier keys released.
2026-01-18 20:11:59,368 - INFO - Typing Post 2...
2026-01-18 20:12:15,320 - INFO - Saving file...
2026-01-18 20:12:24,153 - INFO - Closing Notepad tab (Ctrl+W)...
2026-01-18 20:12:24,398 - INFO - Safety Reset: All modifier keys released.
2026-01-18 20:12:25,464 - INFO - Cleaning up remaining Notepad window...
2026-01-18 20:12:26,027 - INFO - Task for Post 2 completed.
2026-01-18 20:12:26,273 - INFO - Safety Reset: All modifier keys released.
2026-01-18 20:12:30,068 - INFO - Safety Reset: All modifier keys released.
2026-01-18 20:12:31,751 - INFO - Typing Post 3...
2026-01-18 20:12:48,019 - INFO - Saving file...
2026-01-18 20:12:56,851 - INFO - Closing Notepad tab (Ctrl+W)...
2026-01-18 20:12:57,097 - INFO - Safety Reset: All modifier keys released.
2026-01-18 20:12:58,169 - INFO - Cleaning up remaining Notepad window...
2026-01-18 20:12:58,736 - INFO - Task for Post 3 completed.
2026-01-18 20:12:58,983 - INFO - Safety Reset: All modifier keys released.
2026-01-18 20:14:44,786 - INFO - Safety Reset: All modifier keys released.
2026-01-18 20:14:44,787 - INFO - Starting Automation...
2026-01-18 20:14:44,788 - INFO - Fetching data from https://jsonplaceholder.typicode.com/posts...
2026-01-18 20:14:48,706 - INFO - Successfully fetched 3 posts
2026-01-18 20:14:52,398 - INFO - Safety Reset: All modifier keys released.
2026-01-18 20:14:53,985 - INFO - Typing Post 1...
2026-01-18 20:14:57,794 - INFO - Saving file...
2026-01-18 20:15:01,900 - INFO - Closing Notepad tab (Ctrl+W)...
2026-01-18 20:15:01,946 - INFO - Safety Reset: All modifier keys released.
2026-01-18 20:15:02,962 - INFO - Cleaning up remaining Notepad window...
2026-01-18 20:15:03,477 - INFO - Task for Post 1 completed.
2026-01-18 20:15:03,522 - INFO - Safety Reset: All modifier keys released.
2026-01-18 20:15:07,115 - INFO - Template matching failed. Trying full fallback?
2026-01-18 20:15:10,692 - INFO - Safety Reset: All modifier keys released.
2026-01-18 20:15:12,280 - INFO - Typing Post 3...
2026-01-18 20:15:15,993 - INFO - Saving file...
2026-01-18 20:15:20,106 - INFO - Closing Notepad tab (Ctrl+W)...
2026-01-18 20:15:20,154 - INFO - Safety Reset: All modifier keys released.
2026-01-18 20:15:21,177 - INFO - Cleaning up remaining Notepad window...
2026-01-18 20:15:21,693 - INFO - Task for Post 3 completed.
2026-01-18 20:15:21,738 - INFO - Safety Reset: All modifier keys released.
2026-01-18 20:17:00,879 - INFO - Safety Reset: All modifier keys released.
2026-01-18 20:17:00,879 - INFO - Starting Automation...
2026-01-18 20:17:00,881 - INFO - Fetching data from https://jsonplaceholder.typicode.com/posts...
2026-01-18 20:17:05,786 - INFO - Successfully fetched 10 posts
2026-01-18 20:17:09,462 - INFO - Safety Reset: All modifier keys released.
2026-01-18 20:17:11,053 - INFO - Typing Post 1...
2026-01-18 20:17:14,853 - INFO - Saving file...
2026-01-18 20:17:18,968 - INFO - Closing Notepad tab (Ctrl+W)...
2026-01-18 20:17:19,016 - INFO - Safety Reset: All modifier keys released.
2026-01-18 20:17:20,037 - INFO - Cleaning up remaining Notepad window...
2026-01-18 20:17:20,552 - INFO - Task for Post 1 completed.
2026-01-18 20:17:20,597 - INFO - Safety Reset: All modifier keys released.
2026-01-18 20:17:24,119 - INFO - Safety Reset: All modifier keys released.
2026-01-18 20:17:25,707 - INFO - Typing Post 2...
2026-01-18 20:17:29,351 - INFO - Saving file...
2026-01-18 20:17:33,468 - INFO - Closing Notepad tab (Ctrl+W)...
2026-01-18 20:17:33,513 - INFO - Safety Reset: All modifier keys released.
2026-01-18 20:17:34,528 - INFO - Cleaning up remaining Notepad window...
2026-01-18 20:17:35,042 - INFO - Task for Post 2 completed.
2026-01-18 20:17:35,085 - INFO - Safety Reset: All modifier keys released.
2026-01-18 20:17:38,692 - INFO - Safety Reset: All modifier keys released.
2026-01-18 20:17:40,282 - INFO - Typing Post 3...
2026-01-18 20:17:43,998 - INFO - Saving file...
2026-01-18 20:17:48,120 - INFO - Closing Notepad tab (Ctrl+W)...
2026-01-18 20:17:48,166 - INFO - Safety Reset: All modifier keys released.
2026-01-18 20:17:49,187 - INFO - Cleaning up remaining Notepad window...
2026-01-18 20:17:49,702 - INFO - Task for Post 3 completed.
2026-01-18 20:17:49,746 - INFO - Safety Reset: All modifier keys released.
2026-01-18 20:17:53,393 - INFO - Template matching failed. Trying full fallback?
2026-01-18 20:17:57,099 - INFO - Safety Reset: All modifier keys released.
2026-01-18 20:17:58,687 - INFO - Typing Post 5...
2026-01-18 20:18:01,747 - INFO - Saving file...
2026-01-18 20:18:05,877 - INFO - Closing Notepad tab (Ctrl+W)...
2026-01-18 20:18:05,924 - INFO - Safety Reset: All modifier keys released.
2026-01-18 20:18:06,945 - INFO - Cleaning up remaining Notepad window...
2026-01-18 20:18:07,459 - INFO - Task for Post 5 completed.
2026-01-18 20:18:07,502 - INFO - Safety Reset: All modifier keys released.
2026-01-18 20:18:11,051 - INFO - Safety Reset: All modifier keys released.
2026-01-18 20:18:12,636 - INFO - Typing Post 6...
2026-01-18 20:18:16,394 - INFO - Saving file...
2026-01-18 20:18:20,506 - INFO - Closing Notepad tab (Ctrl+W)...
2026-01-18 20:18:20,550 - INFO - Safety Reset: All modifier keys released.
2026-01-18 20:18:21,567 - INFO - Cleaning up remaining Notepad window...
2026-01-18 20:18:22,081 - INFO - Task for Post 6 completed.
2026-01-18 20:18:22,125 - INFO - Safety Reset: All modifier keys released.
2026-01-18 20:18:25,794 - INFO - Safety Reset: All modifier keys released.
2026-01-18 20:18:27,379 - INFO - Typing Post 7...
2026-01-18 20:18:30,444 - INFO - Saving file...
2026-01-18 20:18:34,576 - INFO - Closing Notepad tab (Ctrl+W)...
2026-01-18 20:18:34,623 - INFO - Safety Reset: All modifier keys released.
2026-01-18 20:18:35,642 - INFO - Cleaning up remaining Notepad window...
2026-01-18 20:18:36,159 - INFO - Task for Post 7 completed.
2026-01-18 20:18:36,205 - INFO - Safety Reset: All modifier keys released.
2026-01-18 20:18:39,813 - INFO - Safety Reset: All modifier keys released.
2026-01-18 20:18:41,400 - INFO - Typing Post 8...
2026-01-18 20:18:44,854 - INFO - Saving file...
2026-01-18 20:18:48,966 - INFO - Closing Notepad tab (Ctrl+W)...
2026-01-18 20:18:49,010 - INFO - Safety Reset: All modifier keys released.
2026-01-18 20:18:50,025 - INFO - Cleaning up remaining Notepad window...
2026-01-18 20:18:50,539 - INFO - Task for Post 8 completed.
2026-01-18 20:18:50,585 - INFO - Safety Reset: All modifier keys released.
2026-01-18 20:18:54,336 - INFO - Safety Reset: All modifier keys released.
2026-01-18 20:18:55,921 - INFO - Typing Post 9...
2026-01-18 20:18:59,236 - INFO - Saving file...
2026-01-18 20:19:03,364 - INFO - Closing Notepad tab (Ctrl+W)...
2026-01-18 20:19:03,410 - INFO - Safety Reset: All modifier keys released.
2026-01-18 20:19:04,427 - INFO - Cleaning up remaining Notepad window...
2026-01-18 20:19:04,942 - INFO - Task for Post 9 completed.
2026-01-18 20:19:04,986 - INFO - Safety Reset: All modifier keys released.
2026-01-18 20:19:08,545 - INFO - Safety Reset: All modifier keys released.
2026-01-18 20:19:10,135 - INFO - Typing Post 10...
2026-01-18 20:19:13,086 - INFO - Saving file...
2026-01-18 20:19:17,204 - INFO - Closing Notepad tab (Ctrl+W)...
2026-01-18 20:19:17,251 - INFO - Safety Reset: All modifier keys released.
2026-01-18 20:19:18,271 - INFO - Cleaning up remaining Notepad window...
2026-01-18 20:19:18,784 - INFO - Task for Post 10 completed.
2026-01-18 20:19:18,830 - INFO - Safety Reset: All modifier keys released.
2026-01-18 20:19:35,483 - INFO - Safety Reset: All modifier keys released.
2026-01-18 20:19:35,484 - INFO - Starting Automation...
2026-01-18 20:19:35,485 - INFO - Fetching data from https://jsonplaceholder.typicode.com/posts...
2026-01-18 20:19:38,977 - INFO - Successfully fetched 10 posts
2026-01-18 20:19:42,550 - INFO - Safety Reset: All modifier keys released.
2026-01-18 20:19:44,137 - INFO - Typing Post 1...
2026-01-18 20:19:47,964 - INFO - Saving file...
2026-01-18 20:19:52,072 - INFO - Closing Notepad tab (Ctrl+W)...
2026-01-18 20:19:52,117 - INFO - Safety Reset: All modifier keys released.
2026-01-18 20:19:53,133 - INFO - Cleaning up remaining Notepad window...
2026-01-18 20:19:53,646 - INFO - Task for Post 1 completed.
2026-01-18 20:19:53,690 - INFO - Safety Reset: All modifier keys released.
2026-01-18 20:19:57,328 - INFO - Template matching failed. Trying full fallback?
2026-01-18 20:20:00,857 - INFO - Safety Reset: All modifier keys released.
2026-01-18 20:20:02,443 - INFO - Typing Post 3...
2026-01-18 20:20:06,175 - INFO - Saving file...
2026-01-18 20:20:10,301 - INFO - Closing Notepad tab (Ctrl+W)...
2026-01-18 20:20:10,347 - INFO - Safety Reset: All modifier keys released.
2026-01-18 20:20:11,364 - INFO - Cleaning up remaining Notepad window...
2026-01-18 20:20:11,878 - INFO - Task for Post 3 completed.
2026-01-18 20:20:11,921 - INFO - Safety Reset: All modifier keys released.
2026-01-18 20:20:15,578 - INFO - Safety Reset: All modifier keys released.
2026-01-18 20:20:17,164 - INFO - Typing Post 4...
2026-01-18 20:20:20,735 - INFO - Saving file...
2026-01-18 20:20:24,861 - INFO - Closing Notepad tab (Ctrl+W)...
2026-01-18 20:20:24,908 - INFO - Safety Reset: All modifier keys released.
2026-01-18 20:20:25,924 - INFO - Cleaning up remaining Notepad window...
2026-01-18 20:20:26,441 - INFO - Task for Post 4 completed.
2026-01-18 20:20:26,486 - INFO - Safety Reset: All modifier keys released.
2026-01-18 20:20:30,172 - INFO - Safety Reset: All modifier keys released.
2026-01-18 20:20:31,761 - INFO - Typing Post 5...
2026-01-18 20:20:34,843 - INFO - Saving file...
2026-01-18 20:20:38,957 - INFO - Closing Notepad tab (Ctrl+W)...
2026-01-18 20:20:39,002 - INFO - Safety Reset: All modifier keys released.
2026-01-18 20:20:40,018 - INFO - Cleaning up remaining Notepad window...
2026-01-18 20:20:40,536 - INFO - Task for Post 5 completed.
2026-01-18 20:20:40,583 - INFO - Safety Reset: All modifier keys released.
2026-01-18 20:20:44,271 - INFO - Safety Reset: All modifier keys released.
2026-01-18 20:20:45,858 - INFO - Typing Post 6...
2026-01-18 20:20:49,651 - INFO - Saving file...
2026-01-18 20:20:53,780 - INFO - Closing Notepad tab (Ctrl+W)...
2026-01-18 20:20:53,827 - INFO - Safety Reset: All modifier keys released.
2026-01-18 20:20:54,847 - INFO - Cleaning up remaining Notepad window...
2026-01-18 20:20:55,362 - INFO - Task for Post 6 completed.
2026-01-18 20:20:55,406 - INFO - Safety Reset: All modifier keys released.
2026-01-18 20:20:59,025 - INFO - Safety Reset: All modifier keys released.
2026-01-18 20:21:00,608 - INFO - Typing Post 7...
2026-01-18 20:21:03,666 - INFO - Saving file...
2026-01-18 20:21:07,780 - INFO - Closing Notepad tab (Ctrl+W)...
2026-01-18 20:21:07,830 - INFO - Safety Reset: All modifier keys released.
2026-01-18 20:21:08,850 - INFO - Cleaning up remaining Notepad window...
2026-01-18 20:21:09,365 - INFO - Task for Post 7 completed.
2026-01-18 20:21:09,410 - INFO - Safety Reset: All modifier keys released.
2026-01-18 20:21:12,986 - INFO - Template matching failed. Trying full fallback?
2026-01-18 20:21:16,602 - INFO - Safety Reset: All modifier keys released.
2026-01-18 20:21:18,192 - INFO - Typing Post 9...
2026-01-18 20:21:21,482 - INFO - Saving file...
2026-01-18 20:21:25,610 - INFO - Closing Notepad tab (Ctrl+W)...
2026-01-18 20:21:25,658 - INFO - Safety Reset: All modifier keys released.
2026-01-18 20:21:26,679 - INFO - Cleaning up remaining Notepad window...
2026-01-18 20:21:27,195 - INFO - Task for Post 9 completed.
2026-01-18 20:21:27,239 - INFO - Safety Reset: All modifier keys released.
2026-01-18 20:21:30,838 - INFO - Safety Reset: All modifier keys released.
2026-01-18 20:21:32,428 - INFO - Typing Post 10...
2026-01-18 20:21:35,399 - INFO - Saving file...
2026-01-18 20:21:39,521 - INFO - Closing Notepad tab (Ctrl+W)...
2026-01-18 20:21:39,566 - INFO - Safety Reset: All modifier keys released.
2026-01-18 20:21:40,583 - INFO - Cleaning up remaining Notepad window...
2026-01-18 20:21:41,100 - INFO - Task for Post 10 completed.
2026-01-18 20:21:41,143 - INFO - Safety Reset: All modifier keys released.
2026-01-18 20:22:27,190 - INFO - Safety Reset: All modifier keys released.
2026-01-18 20:22:27,190 - INFO - Starting Automation...
2026-01-18 20:22:27,192 - INFO - Fetching data from https://jsonplaceholder.typicode.com/posts...
2026-01-18 20:22:31,818 - INFO - Successfully fetched 10 posts
2026-01-18 20:22:35,570 - INFO - Safety Reset: All modifier keys released.
2026-01-18 20:22:37,220 - INFO - Typing Post 1...
2026-01-18 20:22:49,091 - INFO - Saving file...
2026-01-18 20:22:53,826 - INFO - Closing Notepad tab (Ctrl+W)...
2026-01-18 20:22:53,991 - INFO - Safety Reset: All modifier keys released.
2026-01-18 20:22:55,038 - INFO - Cleaning up remaining Notepad window...
2026-01-18 20:22:55,582 - INFO - Task for Post 1 completed.
2026-01-18 20:22:55,747 - INFO - Safety Reset: All modifier keys released.
2026-01-18 20:22:59,455 - INFO - Safety Reset: All modifier keys released.
2026-01-18 20:23:01,101 - INFO - Typing Post 2...
2026-01-18 20:23:12,306 - INFO - Saving file...
2026-01-18 20:23:17,067 - INFO - Closing Notepad tab (Ctrl+W)...
2026-01-18 20:23:17,236 - INFO - Safety Reset: All modifier keys released.
2026-01-18 20:23:18,285 - INFO - Cleaning up remaining Notepad window...
2026-01-18 20:23:18,830 - INFO - Task for Post 2 completed.
2026-01-18 20:23:18,994 - INFO - Safety Reset: All modifier keys released.
2026-01-18 20:23:22,794 - INFO - Safety Reset: All modifier keys released.
2026-01-18 20:23:24,442 - INFO - Typing Post 3...
2026-01-18 20:23:35,925 - INFO - Saving file...
2026-01-18 20:23:40,683 - INFO - Closing Notepad tab (Ctrl+W)...
2026-01-18 20:23:40,848 - INFO - Safety Reset: All modifier keys released.
2026-01-18 20:23:41,901 - INFO - Cleaning up remaining Notepad window...
2026-01-18 20:23:42,447 - INFO - Task for Post 3 completed.
2026-01-18 20:23:42,611 - INFO - Safety Reset: All modifier keys released.
2026-01-18 20:23:46,431 - INFO - Safety Reset: All modifier keys released.
2026-01-18 20:23:48,083 - INFO - Typing Post 4...
2026-01-18 20:23:58,965 - INFO - Saving file...
2026-01-18 20:24:03,706 - INFO - Closing Notepad tab (Ctrl+W)...
2026-01-18 20:24:03,872 - INFO - Safety Reset: All modifier keys released.
2026-01-18 20:24:04,919 - INFO - Cleaning up remaining Notepad window...
2026-01-18 20:24:05,463 - INFO - Task for Post 4 completed.
2026-01-18 20:24:05,627 - INFO - Safety Reset: All modifier keys released.
2026-01-18 20:24:09,410 - INFO - Safety Reset: All modifier keys released.
2026-01-18 20:24:11,058 - INFO - Typing Post 5...
2026-01-18 20:24:19,972 - INFO - Saving file...
2026-01-18 20:24:24,722 - INFO - Closing Notepad tab (Ctrl+W)...
2026-01-18 20:24:24,891 - INFO - Safety Reset: All modifier keys released.
2026-01-18 20:24:25,943 - INFO - Cleaning up remaining Notepad window...
2026-01-18 20:24:26,488 - INFO - Task for Post 5 completed.
2026-01-18 20:24:26,653 - INFO - Safety Reset: All modifier keys released.
2026-01-18 20:24:30,416 - INFO - Safety Reset: All modifier keys released.
2026-01-18 20:24:32,066 - INFO - Typing Post 6...
2026-01-18 20:24:43,649 - INFO - Saving file...
2026-01-18 20:24:48,379 - INFO - Closing Notepad tab (Ctrl+W)...
2026-01-18 20:24:48,547 - INFO - Safety Reset: All modifier keys released.
2026-01-18 20:24:49,600 - INFO - Cleaning up remaining Notepad window...
2026-01-18 20:24:50,145 - INFO - Task for Post 6 completed.
2026-01-18 20:24:50,311 - INFO - Safety Reset: All modifier keys released.
2026-01-18 20:24:53,977 - INFO - Safety Reset: All modifier keys released.
2026-01-18 20:24:55,622 - INFO - Typing Post 7...
2026-01-18 20:25:04,468 - INFO - Saving file...
2026-01-18 20:25:09,219 - INFO - Closing Notepad tab (Ctrl+W)...
2026-01-18 20:25:09,383 - INFO - Safety Reset: All modifier keys released.
2026-01-18 20:25:10,429 - INFO - Cleaning up remaining Notepad window...
2026-01-18 20:25:10,972 - INFO - Task for Post 7 completed.
2026-01-18 20:25:11,137 - INFO - Safety Reset: All modifier keys released.
2026-01-18 20:25:14,841 - INFO - Safety Reset: All modifier keys released.
2026-01-18 20:25:16,488 - INFO - Typing Post 8...
2026-01-18 20:25:26,832 - INFO - Saving file...
2026-01-18 20:25:31,564 - INFO - Closing Notepad tab (Ctrl+W)...
2026-01-18 20:25:31,730 - INFO - Safety Reset: All modifier keys released.
2026-01-18 20:25:32,777 - INFO - Cleaning up remaining Notepad window...
2026-01-18 20:25:33,323 - INFO - Task for Post 8 completed.
2026-01-18 20:25:33,489 - INFO - Safety Reset: All modifier keys released.
2026-01-18 20:25:37,374 - INFO - Safety Reset: All modifier keys released.
2026-01-18 20:25:39,018 - INFO - Typing Post 9...
2026-01-18 20:25:48,877 - INFO - Saving file...
2026-01-18 20:25:53,629 - INFO - Closing Notepad tab (Ctrl+W)...
2026-01-18 20:25:53,796 - INFO - Safety Reset: All modifier keys released.
2026-01-18 20:25:54,847 - INFO - Cleaning up remaining Notepad window...
2026-01-18 20:25:55,391 - INFO - Task for Post 9 completed.
2026-01-18 20:25:55,556 - INFO - Safety Reset: All modifier keys released.
2026-01-18 20:25:59,394 - INFO - Safety Reset: All modifier keys released.
2026-01-18 20:26:01,038 - INFO - Typing Post 10...
2026-01-18 20:26:09,657 - INFO - Saving file...
2026-01-18 20:26:14,398 - INFO - Closing Notepad tab (Ctrl+W)...
2026-01-18 20:26:14,563 - INFO - Safety Reset: All modifier keys released.
2026-01-18 20:26:15,611 - INFO - Cleaning up remaining Notepad window...
2026-01-18 20:26:16,155 - INFO - Task for Post 10 completed.
2026-01-18 20:26:16,319 - INFO - Safety Reset: All modifier keys released.
2026-01-18 20:27:00,690 - INFO - Safety Reset: All modifier keys released.
2026-01-18 20:27:00,690 - INFO - Starting Automation...
2026-01-18 20:27:00,692 - INFO - Fetching data from https://jsonplaceholder.typicode.com/posts...
2026-01-18 20:27:04,676 - INFO - Successfully fetched 3 posts
2026-01-18 20:27:08,391 - INFO - Safety Reset: All modifier keys released.
2026-01-18 20:27:10,036 - INFO - Typing Post 1...
2026-01-18 20:27:21,676 - INFO - Saving file...
2026-01-18 20:27:26,413 - INFO - Closing Notepad tab (Ctrl+W)...
2026-01-18 20:27:26,578 - INFO - Safety Reset: All modifier keys released.
2026-01-18 20:27:27,623 - INFO - Cleaning up remaining Notepad window...
2026-01-18 20:27:28,166 - INFO - Task for Post 1 completed.
2026-01-18 20:27:28,331 - INFO - Safety Reset: All modifier keys released.
2026-01-18 20:27:31,976 - INFO - Template matching failed. Trying full fallback?
2026-01-18 20:27:35,518 - INFO - Template matching failed. Trying full fallback?
2026-01-18 20:27:56,825 - INFO - Safety Reset: All modifier keys released.
2026-01-18 20:27:56,826 - INFO - Starting Automation...
2026-01-18 20:27:56,827 - INFO - Fetching data from https://jsonplaceholder.typicode.com/posts...
2026-01-18 20:28:00,388 - INFO - Successfully fetched 3 posts
2026-01-18 20:28:03,899 - INFO - Template matching failed. Trying full fallback?
2026-01-18 20:28:07,331 - INFO - Template matching failed. Trying full fallback?
2026-01-18 20:28:10,901 - INFO - Template matching failed. Trying full fallback?
2026-01-18 20:28:23,865 - INFO - Safety Reset: All modifier keys released.
2026-01-18 20:28:23,866 - INFO - Starting Automation...
2026-01-18 20:28:23,867 - INFO - Fetching data from https://jsonplaceholder.typicode.com/posts...
2026-01-18 20:28:32,214 - INFO - Successfully fetched 3 posts
2026-01-18 20:28:35,840 - INFO - Template matching failed. Trying full fallback?
2026-01-18 20:28:39,249 - INFO - Template matching failed. Trying full fallback?
2026-01-18 20:28:42,809 - INFO - Template matching failed. Trying full fallback?
2026-01-18 20:28:58,393 - INFO - Safety Reset: All modifier keys released.
2026-01-18 20:28:58,394 - INFO - Starting Automation...
2026-01-18 20:28:58,395 - INFO - Fetching data from https://jsonplaceholder.typicode.com/posts...
2026-01-18 20:29:00,158 - INFO - Successfully fetched 3 posts
2026-01-18 20:29:03,924 - INFO - Safety Reset: All modifier keys released.
2026-01-18 20:29:05,571 - INFO - Typing Post 1...
2026-01-18 20:29:17,235 - INFO - Saving file...
2026-01-18 20:29:21,973 - INFO - Closing Notepad tab (Ctrl+W)...
2026-01-18 20:29:22,139 - INFO - Safety Reset: All modifier keys released.
2026-01-18 20:29:23,185 - INFO - Cleaning up remaining Notepad window...
2026-01-18 20:29:23,728 - INFO - Task for Post 1 completed.
2026-01-18 20:29:23,893 - INFO - Safety Reset: All modifier keys released.
2026-01-18 20:29:27,476 - INFO - Template matching failed. Trying full fallback?
2026-01-18 20:29:31,071 - INFO - Template matching failed. Trying full fallback?
2026-01-18 20:30:10,888 - INFO - Safety Reset: All modifier keys released.
2026-01-18 20:30:10,888 - INFO - Starting Automation...
2026-01-18 20:30:10,890 - INFO - Fetching data from https://jsonplaceholder.typicode.com/posts...
2026-01-18 20:30:15,570 - INFO - Successfully fetched 3 posts
2026-01-18 20:30:19,296 - INFO - Safety Reset: All modifier keys released.
2026-01-18 20:30:20,938 - INFO - Typing Post 1...
2026-01-18 20:30:32,615 - INFO - Saving file...
2026-01-18 20:30:37,355 - INFO - Closing Notepad tab (Ctrl+W)...
2026-01-18 20:30:37,518 - INFO - Safety Reset: All modifier keys released.
2026-01-18 20:30:38,564 - INFO - Cleaning up remaining Notepad window...
2026-01-18 20:30:39,108 - INFO - Task for Post 1 completed.
2026-01-18 20:30:39,274 - INFO - Safety Reset: All modifier keys released.
2026-01-18 20:30:43,019 - INFO - Safety Reset: All modifier keys released.
2026-01-18 20:30:44,666 - INFO - Typing Post 2...
2026-01-18 20:30:55,683 - INFO - Saving file...
2026-01-18 20:31:00,414 - INFO - Closing Notepad tab (Ctrl+W)...
2026-01-18 20:31:00,577 - INFO - Safety Reset: All modifier keys released.
2026-01-18 20:31:01,623 - INFO - Cleaning up remaining Notepad window...
2026-01-18 20:31:02,167 - INFO - Task for Post 2 completed.
2026-01-18 20:31:02,331 - INFO - Safety Reset: All modifier keys released.
2026-01-18 20:31:06,114 - INFO - Safety Reset: All modifier keys released.
2026-01-18 20:31:07,757 - INFO - Typing Post 3...
2026-01-18 20:31:19,004 - INFO - Saving file...
2026-01-18 20:31:23,735 - INFO - Closing Notepad tab (Ctrl+W)...
2026-01-18 20:31:23,902 - INFO - Safety Reset: All modifier keys released.
2026-01-18 20:31:24,949 - INFO - Cleaning up remaining Notepad window...
2026-01-18 20:31:25,494 - INFO - Task for Post 3 completed.
2026-01-18 20:31:25,657 - INFO - Safety Reset: All modifier keys released.
2026-01-18 20:33:50,632 - INFO - Safety Reset: All modifier keys released.
2026-01-18 20:33:50,633 - INFO - Starting Automation...
2026-01-18 20:33:50,634 - INFO - Fetching data from https://jsonplaceholder.typicode.com/posts...
2026-01-18 20:34:02,673 - ERROR - API Fetch Error: HTTPSConnectionPool(host='jsonplaceholder.typicode.com', port=443): Max retries exceeded with url: /posts (Caused by NameResolutionError("HTTPSConnection(host='jsonplaceholder.typicode.com', port=443): Failed to resolve 'jsonplaceholder.typicode.com' ([Errno 11004] getaddrinfo failed)"))
2026-01-18 20:34:16,462 - INFO - Safety Reset: All modifier keys released.
2026-01-18 20:34:16,462 - INFO - Starting Automation...
2026-01-18 20:34:16,464 - INFO - Fetching data from https://jsonplaceholder.typicode.com/posts...
2026-01-18 20:34:20,963 - INFO - Successfully fetched 3 posts
2026-01-18 20:34:24,752 - INFO - Safety Reset: All modifier keys released.
2026-01-18 20:34:26,402 - INFO - Typing Post 1...
2026-01-18 20:34:37,983 - INFO - Saving file...
2026-01-18 20:34:42,731 - INFO - Closing Notepad tab (Ctrl+W)...
2026-01-18 20:34:42,896 - INFO - Safety Reset: All modifier keys released.
2026-01-18 20:34:43,941 - INFO - Cleaning up remaining Notepad window...
2026-01-18 20:34:44,484 - INFO - Task for Post 1 completed.
2026-01-18 20:34:44,648 - INFO - Safety Reset: All modifier keys released.
2026-01-18 20:34:48,201 - INFO - Template matching failed. Trying full fallback?
2026-01-18 20:34:51,764 - INFO - Template matching failed. Trying full fallback?
2026-01-18 20:35:20,670 - INFO - Safety Reset: All modifier keys released.
2026-01-18 20:35:20,670 - INFO - Starting Automation...
2026-01-18 20:35:20,671 - INFO - Fetching data from https://jsonplaceholder.typicode.com/posts...
2026-01-18 20:35:24,973 - INFO - Successfully fetched 3 posts
2026-01-18 20:35:28,813 - INFO - Safety Reset: All modifier keys released.
2026-01-18 20:35:30,455 - INFO - Typing Post 1...
2026-01-18 20:35:42,096 - INFO - Saving file...
2026-01-18 20:35:46,840 - INFO - Closing Notepad tab (Ctrl+W)...
2026-01-18 20:35:47,005 - INFO - Safety Reset: All modifier keys released.
2026-01-18 20:35:48,051 - INFO - Cleaning up remaining Notepad window...
2026-01-18 20:35:48,594 - INFO - Task for Post 1 completed.
2026-01-18 20:35:48,758 - INFO - Safety Reset: All modifier keys released.
2026-01-18 20:35:52,394 - INFO - Template matching failed. Trying full fallback?
2026-01-18 20:35:55,953 - INFO - Template matching failed. Trying full fallback?
2026-01-18 21:14:49,099 - INFO - Safety Reset: All modifier keys released.
2026-01-18 21:14:49,100 - INFO - Starting Automation...
2026-01-18 21:14:49,101 - INFO - Fetching data from https://jsonplaceholder.typicode.com/posts...
2026-01-18 21:14:59,939 - INFO - Successfully fetched 3 posts
2026-01-18 21:15:03,697 - INFO - Safety Reset: All modifier keys released.
2026-01-18 21:15:05,344 - INFO - Typing Post 1...
2026-01-18 21:15:16,829 - INFO - Saving file...
2026-01-18 21:15:21,564 - INFO - Closing Notepad tab (Ctrl+W)...
2026-01-18 21:15:21,730 - INFO - Safety Reset: All modifier keys released.
2026-01-18 21:15:22,776 - INFO - Cleaning up remaining Notepad window...
2026-01-18 21:15:23,320 - INFO - Task for Post 1 completed.
2026-01-18 21:15:23,483 - INFO - Safety Reset: All modifier keys released.
2026-01-18 21:15:27,200 - INFO - Safety Reset: All modifier keys released.
2026-01-18 21:15:28,847 - INFO - Typing Post 2...
2026-01-18 21:15:39,767 - INFO - Saving file...
2026-01-18 21:15:44,505 - INFO - Closing Notepad tab (Ctrl+W)...
2026-01-18 21:15:44,670 - INFO - Safety Reset: All modifier keys released.
2026-01-18 21:15:45,714 - INFO - Cleaning up remaining Notepad window...
2026-01-18 21:15:46,258 - INFO - Task for Post 2 completed.
2026-01-18 21:15:46,423 - INFO - Safety Reset: All modifier keys released.
2026-01-18 21:15:50,179 - INFO - Safety Reset: All modifier keys released.
2026-01-18 21:15:51,823 - INFO - Typing Post 3...
2026-01-18 21:16:02,916 - INFO - Saving file...
2026-01-18 21:16:07,646 - INFO - Closing Notepad tab (Ctrl+W)...
2026-01-18 21:16:07,811 - INFO - Safety Reset: All modifier keys released.
2026-01-18 21:16:08,856 - INFO - Cleaning up remaining Notepad window...
2026-01-18 21:16:09,399 - INFO - Task for Post 3 completed.
2026-01-18 21:16:09,563 - INFO - Safety Reset: All modifier keys released.
2026-01-18 21:17:20,028 - INFO - Safety Reset: All modifier keys released.
2026-01-18 21:17:20,029 - INFO - Starting Automation...
2026-01-18 21:17:20,030 - INFO - Fetching data from https://jsonplaceholder.typicode.com/posts...
2026-01-18 21:17:24,375 - INFO - Successfully fetched 3 posts
2026-01-18 21:17:28,055 - INFO - Safety Reset: All modifier keys released.
2026-01-18 21:17:29,697 - INFO - Typing Post 1...
2026-01-18 21:17:41,163 - INFO - Saving file...
2026-01-18 21:17:45,897 - INFO - Closing Notepad tab (Ctrl+W)...
2026-01-18 21:17:46,062 - INFO - Safety Reset: All modifier keys released.
2026-01-18 21:17:47,107 - INFO - Cleaning up remaining Notepad window...
2026-01-18 21:17:47,651 - INFO - Task for Post 1 completed.
2026-01-18 21:17:47,815 - INFO - Safety Reset: All modifier keys released.
2026-01-18 21:17:51,537 - INFO - Safety Reset: All modifier keys released.
2026-01-18 21:17:53,182 - INFO - Typing Post 2...
2026-01-18 21:18:04,043 - INFO - Saving file...
2026-01-18 21:18:08,790 - INFO - Closing Notepad tab (Ctrl+W)...
2026-01-18 21:18:08,955 - INFO - Safety Reset: All modifier keys released.
2026-01-18 21:18:10,000 - INFO - Cleaning up remaining Notepad window...
2026-01-18 21:18:10,543 - INFO - Task for Post 2 completed.
2026-01-18 21:18:10,708 - INFO - Safety Reset: All modifier keys released.
2026-01-18 21:18:14,402 - INFO - Safety Reset: All modifier keys released.
2026-01-18 21:18:16,050 - INFO - Typing Post 3...
2026-01-18 21:18:27,139 - INFO - Saving file...
2026-01-18 21:18:31,868 - INFO - Closing Notepad tab (Ctrl+W)...
2026-01-18 21:18:32,035 - INFO - Safety Reset: All modifier keys released.
2026-01-18 21:18:33,083 - INFO - Cleaning up remaining Notepad window...
2026-01-18 21:18:33,626 - INFO - Task for Post 3 completed.
2026-01-18 21:18:33,790 - INFO - Safety Reset: All modifier keys released.
2026-01-18 21:21:45,666 - INFO - Safety Reset: All modifier keys released.
2026-01-18 21:21:45,667 - INFO - Starting Automation...
2026-01-18 21:21:45,668 - INFO - Fetching data from https://jsonplaceholder.typicode.com/posts...
2026-01-18 21:21:51,970 - INFO - Successfully fetched 3 posts
2026-01-18 21:21:55,486 - INFO - Template matching failed. Trying full fallback?
2026-01-18 21:21:58,907 - INFO - Template matching failed. Trying full fallback?
2026-01-18 21:22:02,455 - INFO - Template matching failed. Trying full fallback?
2026-01-18 21:23:10,288 - INFO - Safety Reset: All modifier keys released.
2026-01-18 21:23:10,288 - INFO - Starting Automation...
2026-01-18 21:23:10,310 - INFO - Fetching data from https://jsonplaceholder.typicode.com/posts...
2026-01-18 21:23:13,882 - INFO - Successfully fetched 3 posts
2026-01-18 21:23:17,601 - INFO - Safety Reset: All modifier keys released.
2026-01-18 21:23:19,250 - INFO - Typing Post 1...
2026-01-18 21:23:30,918 - INFO - Saving file...
2026-01-18 21:23:35,651 - INFO - Closing Notepad tab (Ctrl+W)...
2026-01-18 21:23:35,815 - INFO - Safety Reset: All modifier keys released.
2026-01-18 21:23:36,860 - INFO - Cleaning up remaining Notepad window...
2026-01-18 21:23:37,403 - INFO - Task for Post 1 completed.
2026-01-18 21:23:37,567 - INFO - Safety Reset: All modifier keys released.
2026-01-18 21:23:41,390 - INFO - Safety Reset: All modifier keys released.
2026-01-18 21:23:43,037 - INFO - Typing Post 2...
2026-01-18 21:23:54,098 - INFO - Saving file...
2026-01-18 21:23:58,831 - INFO - Closing Notepad tab (Ctrl+W)...
2026-01-18 21:23:58,997 - INFO - Safety Reset: All modifier keys released.
2026-01-18 21:24:00,045 - INFO - Cleaning up remaining Notepad window...
2026-01-18 21:24:00,590 - INFO - Task for Post 2 completed.
2026-01-18 21:24:00,754 - INFO - Safety Reset: All modifier keys released.
2026-01-18 21:24:04,502 - INFO - Safety Reset: All modifier keys released.
2026-01-18 21:24:06,147 - INFO - Typing Post 3...
2026-01-18 21:24:17,397 - INFO - Saving file...
2026-01-18 21:24:22,125 - INFO - Closing Notepad tab (Ctrl+W)...
2026-01-18 21:24:22,291 - INFO - Safety Reset: All modifier keys released.
2026-01-18 21:24:23,336 - INFO - Cleaning up remaining Notepad window...
2026-01-18 21:24:23,881 - INFO - Task for Post 3 completed.
2026-01-18 21:24:24,045 - INFO - Safety Reset: All modifier keys released.
2026-01-18 21:24:39,815 - INFO - Safety Reset: All modifier keys released.
2026-01-18 21:24:39,815 - INFO - Starting Automation...
2026-01-18 21:24:39,817 - INFO - Fetching data from https://jsonplaceholder.typicode.com/posts...
2026-01-18 21:24:45,230 - INFO - Successfully fetched 3 posts
2026-01-18 21:24:49,016 - INFO - Safety Reset: All modifier keys released.
2026-01-18 21:24:50,662 - INFO - Typing Post 1...
2026-01-18 21:25:02,287 - INFO - Saving file...
2026-01-18 21:25:07,026 - INFO - Closing Notepad tab (Ctrl+W)...
2026-01-18 21:25:07,192 - INFO - Safety Reset: All modifier keys released.
2026-01-18 21:25:08,239 - INFO - Cleaning up remaining Notepad window...
2026-01-18 21:25:08,782 - INFO - Task for Post 1 completed.
2026-01-18 21:25:08,946 - INFO - Safety Reset: All modifier keys released.
2026-01-18 21:25:12,575 - INFO - Template matching failed. Trying full fallback?
2026-01-18 21:25:16,218 - INFO - Template matching failed. Trying full fallback?
2026-01-18 21:26:15,136 - INFO - Safety Reset: All modifier keys released.
2026-01-18 21:26:15,136 - INFO - Starting Automation...
2026-01-18 21:26:15,138 - INFO - Fetching data from https://jsonplaceholder.typicode.com/posts...
2026-01-18 21:26:18,781 - INFO - Successfully fetched 3 posts
2026-01-18 21:26:22,519 - INFO - Safety Reset: All modifier keys released.
2026-01-18 21:26:24,167 - INFO - Typing Post 1...
2026-01-18 21:26:35,886 - INFO - Saving file...
2026-01-18 21:26:40,618 - INFO - Closing Notepad tab (Ctrl+W)...
2026-01-18 21:26:40,784 - INFO - Safety Reset: All modifier keys released.
2026-01-18 21:26:41,833 - INFO - Cleaning up remaining Notepad window...
2026-01-18 21:26:42,379 - INFO - Task for Post 1 completed.
2026-01-18 21:26:42,544 - INFO - Safety Reset: All modifier keys released.
2026-01-18 21:26:46,117 - INFO - Template matching failed. Trying full fallback?
2026-01-18 21:26:49,676 - INFO - Template matching failed. Trying full fallback?
2026-01-18 21:28:41,734 - INFO - Safety Reset: All modifier keys released.
2026-01-18 21:28:41,735 - INFO - Starting Automation...
2026-01-18 21:28:41,738 - INFO - Fetching data from https://jsonplaceholder.typicode.com/posts...
2026-01-18 21:28:51,198 - INFO - Successfully fetched 3 posts
2026-01-18 21:28:54,833 - INFO - Safety Reset: All modifier keys released.
2026-01-18 21:28:56,440 - INFO - Typing Post 1...
2026-01-18 21:29:02,812 - INFO - Saving file...
2026-01-18 21:29:06,462 - INFO - Closing Notepad tab (Ctrl+W)...
2026-01-18 21:29:06,546 - INFO - Safety Reset: All modifier keys released.
2026-01-18 21:29:07,572 - INFO - Cleaning up remaining Notepad window...
2026-01-18 21:29:08,096 - INFO - Task for Post 1 completed.
2026-01-18 21:29:08,179 - INFO - Safety Reset: All modifier keys released.
2026-01-18 21:29:11,712 - INFO - Template matching failed. Trying full fallback?
2026-01-18 21:29:15,352 - INFO - Template matching failed. Trying full fallback?
2026-01-18 21:34:10,229 - INFO - Safety Reset: All modifier keys released.
2026-01-18 21:34:10,229 - INFO - Starting Automation...
2026-01-18 21:34:10,231 - INFO - Fetching data from https://jsonplaceholder.typicode.com/posts...
2026-01-18 21:34:18,404 - INFO - Successfully fetched 10 posts
2026-01-18 21:34:22,478 - INFO - Safety Reset: All modifier keys released.
2026-01-18 21:34:24,550 - INFO - Typing Post 1...
2026-01-18 21:34:51,265 - INFO - Saving file...
2026-01-18 21:35:00,244 - INFO - Closing Notepad tab (Ctrl+W)...
2026-01-18 21:35:00,648 - INFO - Safety Reset: All modifier keys released.
2026-01-18 21:35:01,755 - INFO - Cleaning up remaining Notepad window...
2026-01-18 21:35:02,357 - INFO - Task for Post 1 completed.
2026-01-18 21:35:02,766 - INFO - Safety Reset: All modifier keys released.
2026-01-18 21:35:06,399 - INFO - Template matching failed. Trying full fallback?
2026-01-18 21:35:09,984 - INFO - Template matching failed. Trying full fallback?
2026-01-18 21:35:13,682 - INFO - Template matching failed. Trying full fallback?
2026-01-18 21:35:17,334 - INFO - Template matching failed. Trying full fallback?
2026-01-18 21:35:20,961 - INFO - Template matching failed. Trying full fallback?
2026-01-18 21:35:24,673 - INFO - Template matching failed. Trying full fallback?
2026-01-18 21:35:28,241 - INFO - Template matching failed. Trying full fallback?
2026-01-18 21:35:31,905 - INFO - Template matching failed. Trying full fallback?
2026-01-18 21:35:35,520 - INFO - Template matching failed. Trying full fallback?
2026-01-18 21:48:49,972 - INFO - Safety Reset: All modifier keys released.
2026-01-18 21:48:49,973 - INFO - Starting Automation...
2026-01-18 21:48:49,974 - INFO - Fetching data from https://jsonplaceholder.typicode.com/posts...
2026-01-18 21:48:54,754 - INFO - Successfully fetched 10 posts
2026-01-18 21:48:58,979 - INFO - Safety Reset: All modifier keys released.
2026-01-18 21:49:01,057 - INFO - Typing Post 1...
2026-01-18 21:49:27,761 - INFO - Saving file...
2026-01-18 21:49:36,739 - INFO - Closing Notepad tab (Ctrl+W)...
2026-01-18 21:49:37,145 - INFO - Safety Reset: All modifier keys released.
2026-01-18 21:49:38,254 - INFO - Cleaning up remaining Notepad window...
2026-01-18 21:49:38,858 - INFO - Task for Post 1 completed.
2026-01-18 21:49:39,264 - INFO - Safety Reset: All modifier keys released.
2026-01-18 21:49:42,916 - INFO - Template matching failed. Trying full fallback?
2026-01-18 21:49:46,542 - INFO - Template matching failed. Trying full fallback?
2026-01-18 21:49:50,182 - INFO - Template matching failed. Trying full fallback?
2026-01-18 21:49:53,825 - INFO - Template matching failed. Trying full fallback?
2026-01-18 21:49:57,459 - INFO - Template matching failed. Trying full fallback?
2026-01-18 21:50:01,133 - INFO - Template matching failed. Trying full fallback?
2026-01-18 21:50:05,257 - INFO - Safety Reset: All modifier keys released.
2026-01-18 21:50:07,328 - INFO - Typing Post 8...
2026-01-18 21:50:30,636 - INFO - Saving file...
2026-01-18 21:50:39,610 - INFO - Closing Notepad tab (Ctrl+W)...
2026-01-18 21:50:40,015 - INFO - Safety Reset: All modifier keys released.
2026-01-18 21:50:41,121 - INFO - Cleaning up remaining Notepad window...
2026-01-18 21:50:41,724 - INFO - Task for Post 8 completed.
2026-01-18 21:50:42,131 - INFO - Safety Reset: All modifier keys released.
2026-01-18 21:50:46,250 - INFO - Safety Reset: All modifier keys released.
2026-01-18 21:50:47,316 - INFO - Typing Post 9...
2026-01-18 21:51:09,059 - INFO - Saving file...
2026-01-18 21:51:18,019 - INFO - Closing Notepad tab (Ctrl+W)...
2026-01-18 21:51:18,424 - INFO - Safety Reset: All modifier keys released.
2026-01-18 21:51:19,536 - INFO - Task for Post 9 completed.
2026-01-18 21:51:19,942 - INFO - Safety Reset: All modifier keys released.
2026-01-18 21:51:23,568 - INFO - Template matching failed. Trying full fallback?
2026-01-18 21:56:46,569 - INFO - Safety Reset: All modifier keys released.
2026-01-18 21:56:46,570 - INFO - Starting Automation...
2026-01-18 21:56:46,571 - INFO - Fetching data from https://jsonplaceholder.typicode.com/posts...
2026-01-18 21:56:52,680 - INFO - Successfully fetched 10 posts
2026-01-18 21:56:55,887 - INFO - Safety Reset: All modifier keys released.
2026-01-18 21:56:57,961 - INFO - Typing Post 1...
2026-01-18 21:57:24,663 - INFO - Saving file...
2026-01-18 21:57:33,633 - INFO - Closing Notepad tab (Ctrl+W)...
2026-01-18 21:57:34,041 - INFO - Safety Reset: All modifier keys released.
2026-01-18 21:57:35,752 - INFO - Moving mouse to neutral zone (10, 10)...
2026-01-18 21:57:36,614 - INFO - Safety Reset: All modifier keys released.
2026-01-18 21:57:36,715 - INFO - Post 1 done. Mouse reset.
2026-01-18 21:57:39,970 - INFO - Safety Reset: All modifier keys released.
2026-01-18 21:57:42,038 - INFO - Typing Post 2...
2026-01-18 21:58:07,242 - INFO - Saving file...
2026-01-18 21:58:16,223 - INFO - Closing Notepad tab (Ctrl+W)...
2026-01-18 21:58:16,628 - INFO - Safety Reset: All modifier keys released.
2026-01-18 21:58:18,341 - INFO - Moving mouse to neutral zone (10, 10)...
2026-01-18 21:58:19,202 - INFO - Safety Reset: All modifier keys released.
2026-01-18 21:58:19,303 - INFO - Post 2 done. Mouse reset.
2026-01-18 21:58:22,565 - INFO - Safety Reset: All modifier keys released.
2026-01-18 21:58:24,632 - INFO - Typing Post 3...
2026-01-18 21:58:50,509 - INFO - Saving file...
2026-01-18 21:58:59,486 - INFO - Closing Notepad tab (Ctrl+W)...
2026-01-18 21:58:59,891 - INFO - Safety Reset: All modifier keys released.
2026-01-18 21:59:01,604 - INFO - Moving mouse to neutral zone (10, 10)...
2026-01-18 21:59:02,464 - INFO - Safety Reset: All modifier keys released.
2026-01-18 21:59:02,565 - INFO - Post 3 done. Mouse reset.
2026-01-18 21:59:05,804 - INFO - Safety Reset: All modifier keys released.
2026-01-18 21:59:07,875 - INFO - Typing Post 4...
2026-01-18 21:59:32,321 - INFO - Saving file...
2026-01-18 21:59:41,296 - INFO - Closing Notepad tab (Ctrl+W)...
2026-01-18 21:59:41,701 - INFO - Safety Reset: All modifier keys released.
2026-01-18 21:59:43,414 - INFO - Moving mouse to neutral zone (10, 10)...
2026-01-18 21:59:44,273 - INFO - Safety Reset: All modifier keys released.
2026-01-18 21:59:44,374 - INFO - Post 4 done. Mouse reset.
2026-01-18 21:59:47,545 - INFO - Safety Reset: All modifier keys released.
2026-01-18 21:59:49,617 - INFO - Typing Post 5...
2026-01-18 22:00:09,348 - INFO - Saving file...
2026-01-18 22:00:18,329 - INFO - Closing Notepad tab (Ctrl+W)...
2026-01-18 22:00:18,735 - INFO - Safety Reset: All modifier keys released.
2026-01-18 22:00:20,444 - INFO - Moving mouse to neutral zone (10, 10)...
2026-01-18 22:00:21,302 - INFO - Safety Reset: All modifier keys released.
2026-01-18 22:00:21,403 - INFO - Post 5 done. Mouse reset.
2026-01-18 22:00:24,736 - INFO - Safety Reset: All modifier keys released.
2026-01-18 22:00:26,805 - INFO - Typing Post 6...
2026-01-18 22:00:53,140 - INFO - Saving file...
2026-01-18 22:01:02,114 - INFO - Closing Notepad tab (Ctrl+W)...
2026-01-18 22:01:02,521 - INFO - Safety Reset: All modifier keys released.
2026-01-18 22:01:04,230 - INFO - Moving mouse to neutral zone (10, 10)...
2026-01-18 22:01:05,091 - INFO - Safety Reset: All modifier keys released.
2026-01-18 22:01:05,191 - INFO - Post 6 done. Mouse reset.
2026-01-18 22:01:08,490 - INFO - Safety Reset: All modifier keys released.
2026-01-18 22:01:10,563 - INFO - Typing Post 7...
2026-01-18 22:01:30,315 - INFO - Saving file...
2026-01-18 22:01:39,290 - INFO - Closing Notepad tab (Ctrl+W)...
2026-01-18 22:01:39,695 - INFO - Safety Reset: All modifier keys released.
2026-01-18 22:01:41,403 - INFO - Moving mouse to neutral zone (10, 10)...
2026-01-18 22:01:42,261 - INFO - Safety Reset: All modifier keys released.
2026-01-18 22:01:42,362 - INFO - Post 7 done. Mouse reset.
2026-01-18 22:01:45,588 - INFO - Safety Reset: All modifier keys released.
2026-01-18 22:01:47,659 - INFO - Typing Post 8...
2026-01-18 22:02:11,085 - INFO - Saving file...
2026-01-18 22:02:20,081 - INFO - Closing Notepad tab (Ctrl+W)...
2026-01-18 22:02:20,487 - INFO - Safety Reset: All modifier keys released.
2026-01-18 22:02:22,198 - INFO - Moving mouse to neutral zone (10, 10)...
2026-01-18 22:02:23,059 - INFO - Safety Reset: All modifier keys released.
2026-01-18 22:02:23,160 - INFO - Post 8 done. Mouse reset.
2026-01-18 22:02:26,369 - INFO - Safety Reset: All modifier keys released.
2026-01-18 22:02:28,437 - INFO - Typing Post 9...
2026-01-18 22:02:50,418 - INFO - Saving file...
2026-01-18 22:02:59,409 - INFO - Closing Notepad tab (Ctrl+W)...
2026-01-18 22:02:59,815 - INFO - Safety Reset: All modifier keys released.
2026-01-18 22:03:01,525 - INFO - Moving mouse to neutral zone (10, 10)...
2026-01-18 22:03:02,383 - INFO - Safety Reset: All modifier keys released.
2026-01-18 22:03:02,484 - INFO - Post 9 done. Mouse reset.
2026-01-18 22:03:05,716 - INFO - Safety Reset: All modifier keys released.
2026-01-18 22:03:07,789 - INFO - Typing Post 10...
2026-01-18 22:03:26,741 - INFO - Saving file...
2026-01-18 22:03:35,728 - INFO - Closing Notepad tab (Ctrl+W)...
2026-01-18 22:03:36,134 - INFO - Safety Reset: All modifier keys released.
2026-01-18 22:03:37,843 - INFO - Moving mouse to neutral zone (10, 10)...
2026-01-18 22:03:38,703 - INFO - Safety Reset: All modifier keys released.
2026-01-18 22:03:38,804 - INFO - Post 10 done. Mouse reset.
2026-01-18 22:04:33,559 - INFO - Safety Reset: All modifier keys released.
2026-01-18 22:04:33,560 - INFO - Starting Automation...
2026-01-18 22:04:33,561 - INFO - Fetching data from https://jsonplaceholder.typicode.com/posts...
2026-01-18 22:04:53,144 - INFO - Successfully fetched 10 posts
2026-01-18 22:04:55,733 - INFO - Safety Reset: All modifier keys released.
2026-01-18 22:04:57,621 - INFO - Typing Post 1...
2026-01-18 22:05:01,434 - INFO - Saving file...
2026-01-18 22:05:08,052 - INFO - Closing Notepad tab (Ctrl+W)...
2026-01-18 22:05:08,096 - INFO - Safety Reset: All modifier keys released.
2026-01-18 22:05:09,627 - INFO - Moving mouse to neutral zone (10, 10)...
2026-01-18 22:05:09,945 - INFO - Safety Reset: All modifier keys released.
2026-01-18 22:05:09,956 - INFO - Post 1 done. Mouse reset.
2026-01-18 22:05:12,562 - INFO - Safety Reset: All modifier keys released.
2026-01-18 22:05:14,452 - INFO - Typing Post 2...
2026-01-18 22:05:18,101 - INFO - Saving file...
2026-01-18 22:05:24,714 - INFO - Closing Notepad tab (Ctrl+W)...
2026-01-18 22:05:24,759 - INFO - Safety Reset: All modifier keys released.
2026-01-18 22:05:26,286 - INFO - Moving mouse to neutral zone (10, 10)...
2026-01-18 22:05:26,604 - INFO - Safety Reset: All modifier keys released.
2026-01-18 22:05:26,614 - INFO - Post 2 done. Mouse reset.
2026-01-18 22:05:29,175 - INFO - Safety Reset: All modifier keys released.
2026-01-18 22:05:31,065 - INFO - Typing Post 3...
2026-01-18 22:05:34,762 - INFO - Saving file...
2026-01-18 22:05:41,373 - INFO - Closing Notepad tab (Ctrl+W)...
2026-01-18 22:05:41,419 - INFO - Safety Reset: All modifier keys released.
2026-01-18 22:05:42,947 - INFO - Moving mouse to neutral zone (10, 10)...
2026-01-18 22:05:43,266 - INFO - Safety Reset: All modifier keys released.
2026-01-18 22:05:43,277 - INFO - Post 3 done. Mouse reset.
2026-01-18 22:05:45,879 - INFO - Safety Reset: All modifier keys released.
2026-01-18 22:05:47,768 - INFO - Typing Post 4...
2026-01-18 22:05:51,327 - INFO - Saving file...
2026-01-18 22:05:57,942 - INFO - Closing Notepad tab (Ctrl+W)...
2026-01-18 22:05:57,988 - INFO - Safety Reset: All modifier keys released.
2026-01-18 22:05:59,518 - INFO - Moving mouse to neutral zone (10, 10)...
2026-01-18 22:05:59,835 - INFO - Safety Reset: All modifier keys released.
2026-01-18 22:05:59,846 - INFO - Post 4 done. Mouse reset.
2026-01-18 22:06:02,417 - INFO - Safety Reset: All modifier keys released.
2026-01-18 22:06:04,306 - INFO - Typing Post 5...
2026-01-18 22:06:07,359 - INFO - Saving file...
2026-01-18 22:06:13,969 - INFO - Closing Notepad tab (Ctrl+W)...
2026-01-18 22:06:14,012 - INFO - Safety Reset: All modifier keys released.
2026-01-18 22:06:15,539 - INFO - Moving mouse to neutral zone (10, 10)...
2026-01-18 22:06:15,857 - INFO - Safety Reset: All modifier keys released.
2026-01-18 22:06:15,867 - INFO - Post 5 done. Mouse reset.
2026-01-18 22:06:18,514 - INFO - Safety Reset: All modifier keys released.
2026-01-18 22:06:20,399 - INFO - Typing Post 6...
2026-01-18 22:06:24,154 - INFO - Saving file...
2026-01-18 22:06:30,766 - INFO - Closing Notepad tab (Ctrl+W)...
2026-01-18 22:06:30,811 - INFO - Safety Reset: All modifier keys released.
2026-01-18 22:06:32,339 - INFO - Moving mouse to neutral zone (10, 10)...
2026-01-18 22:06:32,656 - INFO - Safety Reset: All modifier keys released.
2026-01-18 22:06:32,667 - INFO - Post 6 done. Mouse reset.
2026-01-18 22:06:35,256 - INFO - Safety Reset: All modifier keys released.
2026-01-18 22:06:37,144 - INFO - Typing Post 7...
2026-01-18 22:06:40,185 - INFO - Saving file...
2026-01-18 22:06:46,809 - INFO - Closing Notepad tab (Ctrl+W)...
2026-01-18 22:06:46,853 - INFO - Safety Reset: All modifier keys released.
2026-01-18 22:06:48,382 - INFO - Moving mouse to neutral zone (10, 10)...
2026-01-18 22:06:48,701 - INFO - Safety Reset: All modifier keys released.
2026-01-18 22:06:48,712 - INFO - Post 7 done. Mouse reset.
2026-01-18 22:06:51,366 - INFO - Safety Reset: All modifier keys released.
2026-01-18 22:06:53,253 - INFO - Typing Post 8...
2026-01-18 22:06:56,691 - INFO - Saving file...
2026-01-18 22:07:03,329 - INFO - Closing Notepad tab (Ctrl+W)...
2026-01-18 22:07:03,376 - INFO - Safety Reset: All modifier keys released.
2026-01-18 22:07:04,907 - INFO - Moving mouse to neutral zone (10, 10)...
2026-01-18 22:07:05,225 - INFO - Safety Reset: All modifier keys released.
2026-01-18 22:07:05,236 - INFO - Post 8 done. Mouse reset.
2026-01-18 22:07:07,852 - INFO - Safety Reset: All modifier keys released.
2026-01-18 22:07:09,737 - INFO - Typing Post 9...
2026-01-18 22:07:13,015 - INFO - Saving file...
2026-01-18 22:07:19,629 - INFO - Closing Notepad tab (Ctrl+W)...
2026-01-18 22:07:19,674 - INFO - Safety Reset: All modifier keys released.
2026-01-18 22:07:21,203 - INFO - Moving mouse to neutral zone (10, 10)...
2026-01-18 22:07:21,521 - INFO - Safety Reset: All modifier keys released.
2026-01-18 22:07:21,532 - INFO - Post 9 done. Mouse reset.
2026-01-18 22:07:24,149 - INFO - Safety Reset: All modifier keys released.
2026-01-18 22:07:26,041 - INFO - Typing Post 10...
2026-01-18 22:07:28,994 - INFO - Saving file...
2026-01-18 22:07:35,610 - INFO - Closing Notepad tab (Ctrl+W)...
2026-01-18 22:07:35,655 - INFO - Safety Reset: All modifier keys released.
2026-01-18 22:07:37,182 - INFO - Moving mouse to neutral zone (10, 10)...
2026-01-18 22:07:37,500 - INFO - Safety Reset: All modifier keys released.
2026-01-18 22:07:37,511 - INFO - Post 10 done. Mouse reset.
2026-01-18 22:08:46,608 - INFO - Safety Reset: All modifier keys released.
2026-01-18 22:08:46,608 - INFO - Starting Automation...
2026-01-18 22:08:46,609 - INFO - Fetching data from https://jsonplaceholder.typicode.com/posts...
2026-01-18 22:08:58,279 - ERROR - API Fetch Error: HTTPSConnectionPool(host='jsonplaceholder.typicode.com', port=443): Read timed out. (read timeout=10)
2026-01-18 22:09:08,706 - INFO - Safety Reset: All modifier keys released.
2026-01-18 22:09:08,706 - INFO - Starting Automation...
2026-01-18 22:09:08,708 - INFO - Fetching data from https://jsonplaceholder.typicode.com/posts...
2026-01-18 22:09:30,499 - INFO - Successfully fetched 10 posts
2026-01-18 22:09:33,170 - INFO - Safety Reset: All modifier keys released.
2026-01-18 22:09:35,063 - INFO - Typing Post 1...
2026-01-18 22:09:38,917 - INFO - Saving file...
2026-01-18 22:09:45,542 - INFO - Closing Notepad tab (Ctrl+W)...
2026-01-18 22:09:45,587 - INFO - Safety Reset: All modifier keys released.
2026-01-18 22:09:47,113 - INFO - Moving mouse to neutral zone (10, 10)...
2026-01-18 22:09:47,432 - INFO - Safety Reset: All modifier keys released.
2026-01-18 22:09:47,443 - INFO - Post 1 done. Mouse reset.
2026-01-18 22:09:50,034 - INFO - Safety Reset: All modifier keys released.
2026-01-18 22:09:51,923 - INFO - Typing Post 2...
2026-01-18 22:09:55,568 - INFO - Saving file...
2026-01-18 22:10:02,192 - INFO - Closing Notepad tab (Ctrl+W)...
2026-01-18 22:10:02,236 - INFO - Safety Reset: All modifier keys released.
2026-01-18 22:10:03,766 - INFO - Moving mouse to neutral zone (10, 10)...
2026-01-18 22:10:04,084 - INFO - Safety Reset: All modifier keys released.
2026-01-18 22:10:04,095 - INFO - Post 2 done. Mouse reset.
2026-01-18 22:10:06,611 - INFO - Safety Reset: All modifier keys released.
2026-01-18 22:10:08,498 - INFO - Typing Post 3...
2026-01-18 22:10:12,192 - INFO - Saving file...
2026-01-18 22:10:18,823 - INFO - Closing Notepad tab (Ctrl+W)...
2026-01-18 22:10:18,870 - INFO - Safety Reset: All modifier keys released.
2026-01-18 22:10:20,400 - INFO - Moving mouse to neutral zone (10, 10)...
2026-01-18 22:10:20,722 - INFO - Safety Reset: All modifier keys released.
2026-01-18 22:10:20,733 - INFO - Post 3 done. Mouse reset.
2026-01-18 22:10:23,259 - INFO - Safety Reset: All modifier keys released.
2026-01-18 22:10:25,148 - INFO - Typing Post 4...
2026-01-18 22:10:28,710 - INFO - Saving file...
2026-01-18 22:10:35,337 - INFO - Closing Notepad tab (Ctrl+W)...
2026-01-18 22:10:35,384 - INFO - Safety Reset: All modifier keys released.
2026-01-18 22:10:36,915 - INFO - Moving mouse to neutral zone (10, 10)...
2026-01-18 22:10:37,233 - INFO - Safety Reset: All modifier keys released.
2026-01-18 22:10:37,244 - INFO - Post 4 done. Mouse reset.
2026-01-18 22:10:39,867 - INFO - Safety Reset: All modifier keys released.
2026-01-18 22:10:41,762 - INFO - Typing Post 5...
2026-01-18 22:10:44,817 - INFO - Saving file...
2026-01-18 22:10:51,429 - INFO - Closing Notepad tab (Ctrl+W)...
2026-01-18 22:10:51,473 - INFO - Safety Reset: All modifier keys released.
2026-01-18 22:10:53,003 - INFO - Moving mouse to neutral zone (10, 10)...
2026-01-18 22:10:53,321 - INFO - Safety Reset: All modifier keys released.
2026-01-18 22:10:53,332 - INFO - Post 5 done. Mouse reset.
2026-01-18 22:10:55,940 - INFO - Safety Reset: All modifier keys released.
2026-01-18 22:10:57,834 - INFO - Typing Post 6...
2026-01-18 22:11:01,592 - INFO - Saving file...
2026-01-18 22:11:08,203 - INFO - Closing Notepad tab (Ctrl+W)...
2026-01-18 22:11:08,248 - INFO - Safety Reset: All modifier keys released.
2026-01-18 22:11:09,777 - INFO - Moving mouse to neutral zone (10, 10)...
2026-01-18 22:11:10,096 - INFO - Safety Reset: All modifier keys released.
2026-01-18 22:11:10,106 - INFO - Post 6 done. Mouse reset.
2026-01-18 22:11:12,704 - INFO - Safety Reset: All modifier keys released.
2026-01-18 22:11:14,598 - INFO - Typing Post 7...
2026-01-18 22:11:17,655 - INFO - Saving file...
2026-01-18 22:11:24,277 - INFO - Closing Notepad tab (Ctrl+W)...
2026-01-18 22:11:24,327 - INFO - Safety Reset: All modifier keys released.
2026-01-18 22:11:25,858 - INFO - Moving mouse to neutral zone (10, 10)...
2026-01-18 22:11:26,178 - INFO - Safety Reset: All modifier keys released.
2026-01-18 22:11:26,189 - INFO - Post 7 done. Mouse reset.
2026-01-18 22:11:28,908 - INFO - Safety Reset: All modifier keys released.
2026-01-18 22:11:30,798 - INFO - Typing Post 8...
2026-01-18 22:11:34,239 - INFO - Saving file...
2026-01-18 22:11:40,871 - INFO - Closing Notepad tab (Ctrl+W)...
2026-01-18 22:11:40,917 - INFO - Safety Reset: All modifier keys released.
2026-01-18 22:11:42,453 - INFO - Moving mouse to neutral zone (10, 10)...
2026-01-18 22:11:42,774 - INFO - Safety Reset: All modifier keys released.
2026-01-18 22:11:42,785 - INFO - Post 8 done. Mouse reset.
2026-01-18 22:11:45,364 - INFO - Safety Reset: All modifier keys released.
2026-01-18 22:11:47,252 - INFO - Typing Post 9...
2026-01-18 22:11:50,534 - INFO - Saving file...
2026-01-18 22:11:57,145 - INFO - Closing Notepad tab (Ctrl+W)...
2026-01-18 22:11:57,191 - INFO - Safety Reset: All modifier keys released.
2026-01-18 22:11:58,719 - INFO - Moving mouse to neutral zone (10, 10)...
2026-01-18 22:11:59,036 - INFO - Safety Reset: All modifier keys released.
2026-01-18 22:11:59,047 - INFO - Post 9 done. Mouse reset.
2026-01-18 22:12:01,577 - INFO - Safety Reset: All modifier keys released.
2026-01-18 22:12:03,463 - INFO - Typing Post 10...
2026-01-18 22:12:06,426 - INFO - Saving file...
2026-01-18 22:12:13,044 - INFO - Closing Notepad tab (Ctrl+W)...
2026-01-18 22:12:13,092 - INFO - Safety Reset: All modifier keys released.
2026-01-18 22:12:14,621 - INFO - Moving mouse to neutral zone (10, 10)...
2026-01-18 22:12:14,939 - INFO - Safety Reset: All modifier keys released.
2026-01-18 22:12:14,950 - INFO - Post 10 done. Mouse reset.
2026-01-18 22:13:32,970 - INFO - Safety Reset: All modifier keys released.
2026-01-18 22:13:32,971 - INFO - Starting Automation...
2026-01-18 22:13:32,972 - INFO - Fetching data from https://jsonplaceholder.typicode.com/posts...
2026-01-18 22:13:47,383 - ERROR - API Fetch Error: HTTPSConnectionPool(host='jsonplaceholder.typicode.com', port=443): Read timed out. (read timeout=10)
2026-01-18 22:13:55,162 - INFO - Safety Reset: All modifier keys released.
2026-01-18 22:13:55,163 - INFO - Starting Automation...
2026-01-18 22:13:55,164 - INFO - Fetching data from https://jsonplaceholder.typicode.com/posts...
2026-01-18 22:14:08,867 - INFO - Successfully fetched 10 posts
2026-01-18 22:14:11,459 - INFO - Safety Reset: All modifier keys released.
2026-01-18 22:14:13,346 - INFO - Typing Post 1...
2026-01-18 22:14:17,161 - INFO - Saving file...
2026-01-18 22:14:23,775 - INFO - Closing Notepad tab (Ctrl+W)...
2026-01-18 22:14:23,823 - INFO - Safety Reset: All modifier keys released.
2026-01-18 22:14:25,351 - INFO - Moving mouse to neutral zone (10, 10)...
2026-01-18 22:14:25,668 - INFO - Safety Reset: All modifier keys released.
2026-01-18 22:14:25,679 - INFO - Post 1 done. Mouse reset.
2026-01-18 22:14:28,349 - INFO - Safety Reset: All modifier keys released.
2026-01-18 22:14:30,236 - INFO - Typing Post 2...
2026-01-18 22:14:33,877 - INFO - Saving file...
2026-01-18 22:14:40,502 - INFO - Closing Notepad tab (Ctrl+W)...
2026-01-18 22:14:40,546 - INFO - Safety Reset: All modifier keys released.
2026-01-18 22:14:42,075 - INFO - Moving mouse to neutral zone (10, 10)...
2026-01-18 22:14:42,393 - INFO - Safety Reset: All modifier keys released.
2026-01-18 22:14:42,404 - INFO - Post 2 done. Mouse reset.
2026-01-18 22:14:44,946 - INFO - Safety Reset: All modifier keys released.
2026-01-18 22:14:46,832 - INFO - Typing Post 3...
2026-01-18 22:14:50,533 - INFO - Saving file...
2026-01-18 22:14:57,152 - INFO - Closing Notepad tab (Ctrl+W)...
2026-01-18 22:14:57,197 - INFO - Safety Reset: All modifier keys released.
2026-01-18 22:14:58,725 - INFO - Moving mouse to neutral zone (10, 10)...
2026-01-18 22:14:59,043 - INFO - Safety Reset: All modifier keys released.
2026-01-18 22:14:59,053 - INFO - Post 3 done. Mouse reset.
2026-01-18 22:15:01,696 - INFO - Safety Reset: All modifier keys released.
2026-01-18 22:15:03,582 - INFO - Typing Post 4...
2026-01-18 22:15:07,133 - INFO - Saving file...
2026-01-18 22:15:13,762 - INFO - Closing Notepad tab (Ctrl+W)...
2026-01-18 22:15:13,806 - INFO - Safety Reset: All modifier keys released.
2026-01-18 22:15:15,335 - INFO - Moving mouse to neutral zone (10, 10)...
2026-01-18 22:15:15,653 - INFO - Safety Reset: All modifier keys released.
2026-01-18 22:15:15,664 - INFO - Post 4 done. Mouse reset.
2026-01-18 22:15:18,310 - INFO - Safety Reset: All modifier keys released.
2026-01-18 22:15:20,201 - INFO - Typing Post 5...
2026-01-18 22:15:23,301 - INFO - Saving file...
2026-01-18 22:15:29,850 - INFO - Closing Notepad tab (Ctrl+W)...
2026-01-18 22:15:29,891 - INFO - Safety Reset: All modifier keys released.
2026-01-18 22:15:30,903 - INFO - Moving mouse to neutral zone (10, 10)...
2026-01-18 22:15:31,218 - INFO - Safety Reset: All modifier keys released.
2026-01-18 22:15:31,229 - INFO - Post 5 done. Mouse reset.
2026-01-18 22:15:33,620 - INFO - Template matching failed. Trying full fallback?
2026-01-18 22:15:33,622 - WARNING - Could not see icon for Post 6
2026-01-18 22:15:36,205 - INFO - Template matching failed. Trying full fallback?
2026-01-18 22:15:36,207 - WARNING - Could not see icon for Post 7
2026-01-18 22:15:38,682 - INFO - Safety Reset: All modifier keys released.
2026-01-18 22:15:40,578 - INFO - Typing Post 8...
2026-01-18 22:15:44,019 - INFO - Saving file...
2026-01-18 22:15:50,630 - INFO - Closing Notepad tab (Ctrl+W)...
2026-01-18 22:15:50,674 - INFO - Safety Reset: All modifier keys released.
2026-01-18 22:15:52,202 - INFO - Moving mouse to neutral zone (10, 10)...
2026-01-18 22:15:52,519 - INFO - Safety Reset: All modifier keys released.
2026-01-18 22:15:52,530 - INFO - Post 8 done. Mouse reset.
2026-01-18 22:15:55,170 - INFO - Safety Reset: All modifier keys released.
2026-01-18 22:15:57,063 - INFO - Typing Post 9...
2026-01-18 22:16:00,386 - INFO - Saving file...
2026-01-18 22:16:07,000 - INFO - Closing Notepad tab (Ctrl+W)...
2026-01-18 22:16:07,045 - INFO - Safety Reset: All modifier keys released.
2026-01-18 22:16:08,573 - INFO - Moving mouse to neutral zone (10, 10)...
2026-01-18 22:16:08,891 - INFO - Safety Reset: All modifier keys released.
2026-01-18 22:16:08,902 - INFO - Post 9 done. Mouse reset.
2026-01-18 22:16:11,495 - INFO - Safety Reset: All modifier keys released.
2026-01-18 22:16:13,383 - INFO - Typing Post 10...
2026-01-18 22:16:16,344 - INFO - Saving file...
2026-01-18 22:16:22,965 - INFO - Closing Notepad tab (Ctrl+W)...
2026-01-18 22:16:23,014 - INFO - Safety Reset: All modifier keys released.
2026-01-18 22:16:24,541 - INFO - Moving mouse to neutral zone (10, 10)...
2026-01-18 22:16:24,859 - INFO - Safety Reset: All modifier keys released.
2026-01-18 22:16:24,870 - INFO - Post 10 done. Mouse reset.
2026-01-18 22:17:02,327 - INFO - Safety Reset: All modifier keys released.
2026-01-18 22:17:02,329 - INFO - Starting Automation...
2026-01-18 22:17:02,330 - INFO - Fetching data from https://jsonplaceholder.typicode.com/posts...
2026-01-18 22:17:14,495 - ERROR - API Fetch Error: ('Connection aborted.', ConnectionResetError(10054, 'An existing connection was forcibly closed by the remote host', None, 10054, None))
2026-01-18 22:17:21,147 - INFO - Safety Reset: All modifier keys released.
2026-01-18 22:17:21,147 - INFO - Starting Automation...
2026-01-18 22:17:21,149 - INFO - Fetching data from https://jsonplaceholder.typicode.com/posts...
2026-01-18 22:17:32,760 - ERROR - API Fetch Error: HTTPSConnectionPool(host='jsonplaceholder.typicode.com', port=443): Max retries exceeded with url: /posts (Caused by NameResolutionError("HTTPSConnection(host='jsonplaceholder.typicode.com', port=443): Failed to resolve 'jsonplaceholder.typicode.com' ([Errno 11004] getaddrinfo failed)"))
2026-01-18 22:17:40,981 - INFO - Safety Reset: All modifier keys released.
2026-01-18 22:17:40,982 - INFO - Starting Automation...
2026-01-18 22:17:40,985 - INFO - Fetching data from https://jsonplaceholder.typicode.com/posts...
2026-01-18 22:17:54,748 - ERROR - API Fetch Error: HTTPSConnectionPool(host='jsonplaceholder.typicode.com', port=443): Read timed out. (read timeout=10)
2026-01-18 22:18:01,918 - INFO - Safety Reset: All modifier keys released.
2026-01-18 22:18:01,918 - INFO - Starting Automation...
2026-01-18 22:18:01,919 - INFO - Fetching data from https://jsonplaceholder.typicode.com/posts...
2026-01-18 22:18:22,310 - ERROR - API Fetch Error: HTTPSConnectionPool(host='jsonplaceholder.typicode.com', port=443): Read timed out. (read timeout=10)
2026-01-18 22:18:29,029 - INFO - Safety Reset: All modifier keys released.
2026-01-18 22:18:29,029 - INFO - Starting Automation...
2026-01-18 22:18:29,030 - INFO - Fetching data from https://jsonplaceholder.typicode.com/posts...
2026-01-18 22:18:39,904 - ERROR - API Fetch Error: HTTPSConnectionPool(host='jsonplaceholder.typicode.com', port=443): Read timed out. (read timeout=10)
2026-01-18 22:20:57,518 - INFO - Safety Reset: All modifier keys released.
2026-01-18 22:20:57,518 - INFO - Starting Automation...
2026-01-18 22:20:57,519 - INFO - Fetching data from https://jsonplaceholder.typicode.com/posts...
2026-01-18 22:21:04,172 - INFO - Successfully fetched 3 posts
2026-01-18 22:21:06,873 - INFO - Safety Reset: All modifier keys released.
2026-01-18 22:21:08,765 - INFO - Typing Post 1...
2026-01-18 22:21:12,564 - INFO - Saving file...
2026-01-18 22:21:19,193 - INFO - Closing Notepad tab (Ctrl+W)...
2026-01-18 22:21:19,239 - INFO - Safety Reset: All modifier keys released.
2026-01-18 22:21:20,767 - INFO - Moving mouse to neutral zone (10, 10)...
2026-01-18 22:21:21,087 - INFO - Safety Reset: All modifier keys released.
2026-01-18 22:21:21,098 - INFO - Post 1 done. Mouse reset.
2026-01-18 22:21:23,682 - INFO - Safety Reset: All modifier keys released.
2026-01-18 22:21:25,569 - INFO - Typing Post 2...
2026-01-18 22:21:29,212 - INFO - Saving file...
2026-01-18 22:21:35,843 - INFO - Closing Notepad tab (Ctrl+W)...
2026-01-18 22:21:35,889 - INFO - Safety Reset: All modifier keys released.
2026-01-18 22:21:37,418 - INFO - Moving mouse to neutral zone (10, 10)...
2026-01-18 22:21:37,741 - INFO - Safety Reset: All modifier keys released.
2026-01-18 22:21:37,752 - INFO - Post 2 done. Mouse reset.
2026-01-18 22:21:40,467 - INFO - Safety Reset: All modifier keys released.
2026-01-18 22:21:42,353 - INFO - Typing Post 3...
2026-01-18 22:21:46,050 - INFO - Saving file...
2026-01-18 22:21:52,670 - INFO - Closing Notepad tab (Ctrl+W)...
2026-01-18 22:21:52,714 - INFO - Safety Reset: All modifier keys released.
2026-01-18 22:21:54,240 - INFO - Moving mouse to neutral zone (10, 10)...
2026-01-18 22:21:54,559 - INFO - Safety Reset: All modifier keys released.
2026-01-18 22:21:54,570 - INFO - Post 3 done. Mouse reset.
2026-01-18 22:24:22,476 - INFO - Safety Reset: All modifier keys released.
2026-01-18 22:24:22,477 - INFO - Starting Automation...
2026-01-18 22:24:22,479 - INFO - Fetching data from https://jsonplaceholder.typicode.com/posts...
2026-01-18 22:24:30,700 - INFO - Successfully fetched 3 posts
2026-01-18 22:24:33,260 - INFO - Template matching failed. Trying full fallback?
2026-01-18 22:24:33,261 - WARNING - Could not see icon for Post 1
2026-01-18 22:24:35,717 - INFO - Safety Reset: All modifier keys released.
2026-01-18 22:24:37,612 - INFO - Typing Post 2...
2026-01-18 22:24:41,240 - INFO - Saving file...
2026-01-18 22:24:47,865 - INFO - Closing Notepad tab (Ctrl+W)...
2026-01-18 22:24:47,909 - INFO - Safety Reset: All modifier keys released.
2026-01-18 22:24:49,438 - INFO - Moving mouse to neutral zone (10, 10)...
2026-01-18 22:24:49,758 - INFO - Safety Reset: All modifier keys released.
2026-01-18 22:24:49,768 - INFO - Post 2 done. Mouse reset.
2026-01-18 22:24:52,390 - INFO - Template matching failed. Trying full fallback?
2026-01-18 22:24:52,391 - WARNING - Could not see icon for Post 3
2026-01-18 22:25:58,781 - INFO - Safety Reset: All modifier keys released.
2026-01-18 22:25:58,781 - INFO - Starting Automation...
2026-01-18 22:25:58,782 - INFO - Fetching data from https://jsonplaceholder.typicode.com/posts...
2026-01-18 22:26:07,736 - INFO - Successfully fetched 3 posts
2026-01-18 22:26:10,311 - INFO - Safety Reset: All modifier keys released.
2026-01-18 22:26:12,199 - INFO - Typing Post 1...
2026-01-18 22:26:16,007 - INFO - Saving file...
2026-01-18 22:26:22,633 - INFO - Closing Notepad tab (Ctrl+W)...
2026-01-18 22:26:22,679 - INFO - Safety Reset: All modifier keys released.
2026-01-18 22:26:24,207 - INFO - Moving mouse to neutral zone (10, 10)...
2026-01-18 22:26:24,527 - INFO - Safety Reset: All modifier keys released.
2026-01-18 22:26:24,538 - INFO - Post 1 done. Mouse reset.
2026-01-18 22:26:27,121 - INFO - Safety Reset: All modifier keys released.
2026-01-18 22:26:29,013 - INFO - Typing Post 2...
2026-01-18 22:26:32,668 - INFO - Saving file...
2026-01-18 22:26:39,291 - INFO - Closing Notepad tab (Ctrl+W)...
2026-01-18 22:26:39,337 - INFO - Safety Reset: All modifier keys released.
2026-01-18 22:26:40,871 - INFO - Moving mouse to neutral zone (10, 10)...
2026-01-18 22:26:41,190 - INFO - Safety Reset: All modifier keys released.
2026-01-18 22:26:41,201 - INFO - Post 2 done. Mouse reset.
2026-01-18 22:26:43,853 - INFO - Safety Reset: All modifier keys released.
2026-01-18 22:26:45,745 - INFO - Typing Post 3...
2026-01-18 22:26:49,473 - INFO - Saving file...
2026-01-18 22:26:56,104 - INFO - Closing Notepad tab (Ctrl+W)...
2026-01-18 22:26:56,148 - INFO - Safety Reset: All modifier keys released.
2026-01-18 22:26:57,677 - INFO - Moving mouse to neutral zone (10, 10)...
2026-01-18 22:26:57,995 - INFO - Safety Reset: All modifier keys released.
2026-01-18 22:26:58,007 - INFO - Post 3 done. Mouse reset.
2026-01-18 22:27:49,144 - INFO - Safety Reset: All modifier keys released.
2026-01-18 22:27:49,145 - INFO - Starting Automation...
2026-01-18 22:27:49,146 - INFO - Fetching data from https://jsonplaceholder.typicode.com/posts...
2026-01-18 22:28:11,511 - INFO - Successfully fetched 3 posts
2026-01-18 22:28:14,150 - INFO - Safety Reset: All modifier keys released.
2026-01-18 22:28:16,039 - INFO - Typing Post 1...
2026-01-18 22:28:19,849 - INFO - Saving file...
2026-01-18 22:28:26,465 - INFO - Closing Notepad tab (Ctrl+W)...
2026-01-18 22:28:26,510 - INFO - Safety Reset: All modifier keys released.
2026-01-18 22:28:28,041 - INFO - Moving mouse to neutral zone (100, 100)...
2026-01-18 22:28:28,360 - INFO - Safety Reset: All modifier keys released.
2026-01-18 22:28:28,371 - INFO - Post 1 done. Mouse reset.
2026-01-18 22:28:31,069 - INFO - Safety Reset: All modifier keys released.
2026-01-18 22:28:32,960 - INFO - Typing Post 2...
2026-01-18 22:28:36,604 - INFO - Saving file...
2026-01-18 22:28:43,219 - INFO - Closing Notepad tab (Ctrl+W)...
2026-01-18 22:28:43,264 - INFO - Safety Reset: All modifier keys released.
2026-01-18 22:28:44,798 - INFO - Moving mouse to neutral zone (100, 100)...
2026-01-18 22:28:45,116 - INFO - Safety Reset: All modifier keys released.
2026-01-18 22:28:45,127 - INFO - Post 2 done. Mouse reset.
2026-01-18 22:28:47,683 - INFO - Safety Reset: All modifier keys released.
2026-01-18 22:28:49,571 - INFO - Typing Post 3...
2026-01-18 22:28:53,283 - INFO - Saving file...
2026-01-18 22:28:59,910 - INFO - Closing Notepad tab (Ctrl+W)...
2026-01-18 22:28:59,954 - INFO - Safety Reset: All modifier keys released.
2026-01-18 22:29:01,485 - INFO - Moving mouse to neutral zone (100, 100)...
2026-01-18 22:29:01,803 - INFO - Safety Reset: All modifier keys released.
2026-01-18 22:29:01,814 - INFO - Post 3 done. Mouse reset.
2026-01-18 22:29:30,078 - INFO - Safety Reset: All modifier keys released.
2026-01-18 22:29:30,078 - INFO - Starting Automation...
2026-01-18 22:29:30,079 - INFO - Fetching data from https://jsonplaceholder.typicode.com/posts...
2026-01-18 22:29:42,447 - INFO - Successfully fetched 3 posts
2026-01-18 22:29:45,160 - INFO - Safety Reset: All modifier keys released.
2026-01-18 22:29:47,046 - INFO - Typing Post 1...
2026-01-18 22:29:50,854 - INFO - Saving file...
2026-01-18 22:29:57,484 - INFO - Closing Notepad tab (Ctrl+W)...
2026-01-18 22:29:57,529 - INFO - Safety Reset: All modifier keys released.
2026-01-18 22:29:59,056 - INFO - Moving mouse to neutral zone (100, 100)...
2026-01-18 22:29:59,374 - INFO - Safety Reset: All modifier keys released.
2026-01-18 22:29:59,385 - INFO - Post 1 done. Mouse reset.
2026-01-18 22:30:02,027 - INFO - Safety Reset: All modifier keys released.
2026-01-18 22:30:03,911 - INFO - Typing Post 2...
2026-01-18 22:30:07,560 - INFO - Saving file...
2026-01-18 22:30:14,183 - INFO - Closing Notepad tab (Ctrl+W)...
2026-01-18 22:30:14,229 - INFO - Safety Reset: All modifier keys released.
2026-01-18 22:30:15,757 - INFO - Moving mouse to neutral zone (100, 100)...
2026-01-18 22:30:16,077 - INFO - Safety Reset: All modifier keys released.
2026-01-18 22:30:16,088 - INFO - Post 2 done. Mouse reset.
2026-01-18 22:30:18,633 - INFO - Safety Reset: All modifier keys released.
2026-01-18 22:30:20,519 - INFO - Typing Post 3...
2026-01-18 22:30:24,222 - INFO - Saving file...
2026-01-18 22:30:30,835 - INFO - Closing Notepad tab (Ctrl+W)...
2026-01-18 22:30:30,879 - INFO - Safety Reset: All modifier keys released.
2026-01-18 22:30:32,408 - INFO - Moving mouse to neutral zone (100, 100)...
2026-01-18 22:30:32,728 - INFO - Safety Reset: All modifier keys released.
2026-01-18 22:30:32,739 - INFO - Post 3 done. Mouse reset.
2026-01-18 22:33:14,279 - INFO - Safety Reset: All modifier keys released.
2026-01-18 22:33:14,279 - INFO - Starting Automation...
2026-01-18 22:33:14,280 - INFO - Fetching data from https://jsonplaceholder.typicode.com/posts...
2026-01-18 22:33:18,813 - INFO - Successfully fetched 3 posts
2026-01-18 22:33:21,529 - INFO - Safety Reset: All modifier keys released.
2026-01-18 22:33:23,419 - INFO - Typing Post 1...
2026-01-18 22:33:27,297 - INFO - Saving file...
2026-01-18 22:33:33,913 - INFO - Closing Notepad tab (Ctrl+W)...
2026-01-18 22:33:33,958 - INFO - Safety Reset: All modifier keys released.
2026-01-18 22:33:35,484 - INFO - Moving mouse to neutral zone (100, 100)...
2026-01-18 22:33:35,802 - INFO - Safety Reset: All modifier keys released.
2026-01-18 22:33:35,813 - INFO - Post 1 done. Mouse reset.
2026-01-18 22:33:38,416 - INFO - Safety Reset: All modifier keys released.
2026-01-18 22:33:40,303 - INFO - Typing Post 2...
2026-01-18 22:33:43,961 - INFO - Saving file...
2026-01-18 22:33:50,575 - INFO - Closing Notepad tab (Ctrl+W)...
2026-01-18 22:33:50,619 - INFO - Safety Reset: All modifier keys released.
2026-01-18 22:33:52,148 - INFO - Moving mouse to neutral zone (100, 100)...
2026-01-18 22:33:52,468 - INFO - Safety Reset: All modifier keys released.
2026-01-18 22:33:52,479 - INFO - Post 2 done. Mouse reset.
2026-01-18 22:33:55,122 - INFO - Safety Reset: All modifier keys released.
2026-01-18 22:33:57,013 - INFO - Typing Post 3...
2026-01-18 22:34:00,737 - INFO - Saving file...
2026-01-18 22:34:07,346 - INFO - Closing Notepad tab (Ctrl+W)...
2026-01-18 22:34:07,392 - INFO - Safety Reset: All modifier keys released.
2026-01-18 22:34:08,919 - INFO - Moving mouse to neutral zone (100, 100)...
2026-01-18 22:34:09,236 - INFO - Safety Reset: All modifier keys released.
2026-01-18 22:34:09,247 - INFO - Post 3 done. Mouse reset.
2026-01-19 02:36:05,085 - INFO - Safety Reset: All modifier keys released.
2026-01-19 02:36:05,086 - INFO - Starting Automation...
2026-01-19 02:36:05,087 - INFO - Fetching data from https://jsonplaceholder.typicode.com/posts...
2026-01-19 02:36:08,094 - INFO - Successfully fetched 3 posts
2026-01-19 02:36:10,771 - INFO - Template matching failed. Trying full fallback?
2026-01-19 02:36:10,772 - WARNING - Could not see icon for Post 1
2026-01-19 02:36:13,192 - INFO - Template matching failed. Trying full fallback?
2026-01-19 02:36:13,193 - WARNING - Could not see icon for Post 2
2026-01-19 02:36:15,597 - INFO - Template matching failed. Trying full fallback?
2026-01-19 02:36:15,598 - WARNING - Could not see icon for Post 3
2026-01-19 02:36:28,396 - INFO - Safety Reset: All modifier keys released.
2026-01-19 02:36:28,397 - INFO - Starting Automation...
2026-01-19 02:36:28,398 - INFO - Fetching data from https://jsonplaceholder.typicode.com/posts...
2026-01-19 02:36:29,915 - INFO - Successfully fetched 3 posts
2026-01-19 02:36:32,490 - INFO - Template matching failed. Trying full fallback?
2026-01-19 02:36:32,491 - WARNING - Could not see icon for Post 1
2026-01-19 02:36:34,890 - INFO - Template matching failed. Trying full fallback?
2026-01-19 02:36:34,891 - WARNING - Could not see icon for Post 2
2026-01-19 02:36:37,275 - INFO - Template matching failed. Trying full fallback?
2026-01-19 02:36:37,277 - WARNING - Could not see icon for Post 3
2026-01-19 02:43:09,325 - INFO - Safety Reset: All modifier keys released.
2026-01-19 02:43:09,325 - INFO - Starting Automation...
2026-01-19 02:43:09,336 - INFO - Fetching data from https://jsonplaceholder.typicode.com/posts...
2026-01-19 02:43:13,776 - INFO - Successfully fetched 3 posts
2026-01-19 02:43:16,351 - INFO - Template matching failed. Trying full fallback?
2026-01-19 02:43:16,353 - WARNING - Could not see icon for Post 1
2026-01-19 02:43:18,784 - INFO - Template matching failed. Trying full fallback?
2026-01-19 02:43:18,785 - WARNING - Could not see icon for Post 2
2026-01-19 02:43:21,385 - INFO - Template matching failed. Trying full fallback?
2026-01-19 02:43:21,386 - WARNING - Could not see icon for Post 3
2026-01-19 02:49:36,971 - INFO - Safety Reset: All modifier keys released.
2026-01-19 02:49:36,971 - INFO - Starting Automation...
2026-01-19 02:49:36,977 - INFO - Fetching data from https://jsonplaceholder.typicode.com/posts...
2026-01-19 02:49:49,033 - ERROR - API Fetch Error: HTTPSConnectionPool(host='jsonplaceholder.typicode.com', port=443): Max retries exceeded with url: /posts (Caused by NameResolutionError("HTTPSConnection(host='jsonplaceholder.typicode.com', port=443): Failed to resolve 'jsonplaceholder.typicode.com' ([Errno 11001] getaddrinfo failed)"))
2026-01-19 02:49:57,700 - INFO - Safety Reset: All modifier keys released.
2026-01-19 02:49:57,701 - INFO - Starting Automation...
2026-01-19 02:49:57,707 - INFO - Fetching data from https://jsonplaceholder.typicode.com/posts...
2026-01-19 02:49:59,986 - INFO - Successfully fetched 3 posts
2026-01-19 02:50:02,695 - INFO - Template match failed. Scanning for text (Wallpaper Fallback)...
2026-01-19 02:50:03,917 - INFO - Safety Reset: All modifier keys released.
2026-01-19 02:50:05,809 - INFO - Typing Post 1...
2026-01-19 02:50:09,645 - INFO - Saving file...
2026-01-19 02:50:16,264 - INFO - Closing Notepad tab (Ctrl+W)...
2026-01-19 02:50:16,308 - INFO - Safety Reset: All modifier keys released.
2026-01-19 02:50:17,834 - INFO - Moving mouse to neutral zone (100, 100)...
2026-01-19 02:50:18,152 - INFO - Safety Reset: All modifier keys released.
2026-01-19 02:50:18,163 - INFO - Post 1 done. Mouse reset.
2026-01-19 02:50:20,837 - INFO - Template match failed. Scanning for text (Wallpaper Fallback)...
2026-01-19 02:50:21,195 - INFO - Safety Reset: All modifier keys released.
2026-01-19 02:50:23,087 - INFO - Typing Post 2...
2026-01-19 02:50:26,742 - INFO - Saving file...
2026-01-19 02:50:33,362 - INFO - Closing Notepad tab (Ctrl+W)...
2026-01-19 02:50:33,409 - INFO - Safety Reset: All modifier keys released.
2026-01-19 02:50:34,939 - INFO - Moving mouse to neutral zone (100, 100)...
2026-01-19 02:50:35,258 - INFO - Safety Reset: All modifier keys released.
2026-01-19 02:50:35,268 - INFO - Post 2 done. Mouse reset.
2026-01-19 02:50:37,933 - INFO - Template match failed. Scanning for text (Wallpaper Fallback)...
2026-01-19 02:50:38,278 - INFO - Safety Reset: All modifier keys released.
2026-01-19 02:50:40,173 - INFO - Typing Post 3...
2026-01-19 02:50:43,897 - INFO - Saving file...
2026-01-19 02:50:50,518 - INFO - Closing Notepad tab (Ctrl+W)...
2026-01-19 02:50:50,564 - INFO - Safety Reset: All modifier keys released.
2026-01-19 02:50:52,096 - INFO - Moving mouse to neutral zone (100, 100)...
2026-01-19 02:50:52,414 - INFO - Safety Reset: All modifier keys released.
2026-01-19 02:50:52,425 - INFO - Post 3 done. Mouse reset.
2026-01-19 02:51:01,505 - INFO - Safety Reset: All modifier keys released.
2026-01-19 02:51:01,506 - INFO - Starting Automation...
2026-01-19 02:51:01,513 - INFO - Fetching data from https://jsonplaceholder.typicode.com/posts...
2026-01-19 02:51:03,440 - INFO - Successfully fetched 3 posts
2026-01-19 02:51:06,319 - INFO - Template match failed. Scanning for text (Wallpaper Fallback)...
2026-01-19 02:51:06,718 - INFO - Safety Reset: All modifier keys released.
2026-01-19 02:51:08,608 - INFO - Typing Post 1...
2026-01-19 02:51:12,408 - INFO - Saving file...
2026-01-19 02:51:19,018 - INFO - Closing Notepad tab (Ctrl+W)...
2026-01-19 02:51:19,062 - INFO - Safety Reset: All modifier keys released.
2026-01-19 02:51:20,587 - INFO - Moving mouse to neutral zone (100, 100)...
2026-01-19 02:51:20,907 - INFO - Safety Reset: All modifier keys released.
2026-01-19 02:51:20,918 - INFO - Post 1 done. Mouse reset.
2026-01-19 02:51:23,630 - INFO - Template match failed. Scanning for text (Wallpaper Fallback)...
2026-01-19 02:51:23,991 - INFO - Safety Reset: All modifier keys released.
2026-01-19 02:51:25,879 - INFO - Typing Post 2...
2026-01-19 02:51:29,544 - INFO - Saving file...
2026-01-19 02:51:36,155 - INFO - Closing Notepad tab (Ctrl+W)...
2026-01-19 02:51:36,200 - INFO - Safety Reset: All modifier keys released.
2026-01-19 02:51:37,728 - INFO - Moving mouse to neutral zone (100, 100)...
2026-01-19 02:51:38,045 - INFO - Safety Reset: All modifier keys released.
2026-01-19 02:51:38,056 - INFO - Post 2 done. Mouse reset.
2026-01-19 02:51:40,686 - INFO - Template match failed. Scanning for text (Wallpaper Fallback)...
2026-01-19 02:51:41,026 - INFO - Safety Reset: All modifier keys released.
2026-01-19 02:51:42,914 - INFO - Typing Post 3...
2026-01-19 02:51:46,619 - INFO - Saving file...
2026-01-19 02:51:53,235 - INFO - Closing Notepad tab (Ctrl+W)...
2026-01-19 02:51:53,280 - INFO - Safety Reset: All modifier keys released.
2026-01-19 02:51:54,806 - INFO - Moving mouse to neutral zone (100, 100)...
2026-01-19 02:51:55,124 - INFO - Safety Reset: All modifier keys released.
2026-01-19 02:51:55,135 - INFO - Post 3 done. Mouse reset.
2026-01-19 02:53:43,098 - INFO - Safety Reset: All modifier keys released.
2026-01-19 02:53:43,098 - INFO - Starting Automation...
2026-01-19 02:53:43,104 - INFO - Fetching data from https://jsonplaceholder.typicode.com/posts...
2026-01-19 02:53:46,259 - INFO - Successfully fetched 3 posts
2026-01-19 02:53:48,940 - INFO - Template match failed. Scanning for text (Wallpaper Fallback)...
2026-01-19 02:53:49,531 - WARNING - Could not see icon for Post 1
2026-01-19 02:53:52,013 - INFO - Template match failed. Scanning for text (Wallpaper Fallback)...
2026-01-19 02:53:53,344 - INFO - Safety Reset: All modifier keys released.
2026-01-19 02:54:24,658 - INFO - Safety Reset: All modifier keys released.
2026-01-19 02:54:24,659 - INFO - Starting Automation...
2026-01-19 02:54:24,664 - INFO - Fetching data from https://jsonplaceholder.typicode.com/posts...
2026-01-19 02:54:28,295 - INFO - Successfully fetched 3 posts
2026-01-19 02:54:31,471 - INFO - Safety Reset: All modifier keys released.
2026-01-19 02:54:42,367 - ERROR - Task failed: Notepad failed to open or focus.
2026-01-19 02:54:42,423 - INFO - Safety Reset: All modifier keys released.
2026-01-19 02:54:42,424 - ERROR - Error: Notepad failed to open or focus.
2026-01-19 02:54:45,296 - INFO - Safety Reset: All modifier keys released.
2026-01-19 02:54:56,198 - ERROR - Task failed: Notepad failed to open or focus.
2026-01-19 02:54:56,253 - INFO - Safety Reset: All modifier keys released.
2026-01-19 02:54:56,254 - ERROR - Error: Notepad failed to open or focus.
2026-01-19 02:54:59,608 - INFO - Safety Reset: All modifier keys released.
2026-01-19 02:55:01,496 - INFO - Typing Post 3...
2026-01-19 02:55:05,259 - INFO - Saving file...
2026-01-19 02:55:11,870 - INFO - Closing Notepad tab (Ctrl+W)...
2026-01-19 02:55:11,913 - INFO - Safety Reset: All modifier keys released.
2026-01-19 02:55:13,440 - INFO - Moving mouse to neutral zone (100, 100)...
2026-01-19 02:55:13,759 - INFO - Safety Reset: All modifier keys released.
2026-01-19 02:55:13,769 - INFO - Post 3 done. Mouse reset.
2026-01-19 02:57:28,726 - INFO - Safety Reset: All modifier keys released.
2026-01-19 02:57:28,727 - INFO - Starting Automation...
2026-01-19 02:57:28,732 - INFO - Fetching data from https://jsonplaceholder.typicode.com/posts...
2026-01-19 02:57:30,788 - INFO - Successfully fetched 3 posts
2026-01-19 02:57:33,946 - INFO - Safety Reset: All modifier keys released.
2026-01-19 02:57:44,841 - ERROR - Task failed: Notepad failed to open or focus.
2026-01-19 02:57:44,895 - INFO - Safety Reset: All modifier keys released.
2026-01-19 02:57:44,895 - ERROR - Error: Notepad failed to open or focus.
2026-01-19 02:57:47,810 - INFO - Safety Reset: All modifier keys released.
2026-01-19 02:57:58,712 - ERROR - Task failed: Notepad failed to open or focus.
2026-01-19 02:57:58,767 - INFO - Safety Reset: All modifier keys released.
2026-01-19 02:57:58,767 - ERROR - Error: Notepad failed to open or focus.
2026-01-19 02:58:01,838 - INFO - Safety Reset: All modifier keys released.
2026-01-19 02:58:12,735 - ERROR - Task failed: Notepad failed to open or focus.
2026-01-19 02:58:12,789 - INFO - Safety Reset: All modifier keys released.
2026-01-19 02:58:12,789 - ERROR - Error: Notepad failed to open or focus.
2026-01-19 02:58:19,560 - INFO - Safety Reset: All modifier keys released.
2026-01-19 02:58:19,561 - INFO - Starting Automation...
2026-01-19 02:58:19,566 - INFO - Fetching data from https://jsonplaceholder.typicode.com/posts...
2026-01-19 02:58:22,313 - INFO - Successfully fetched 3 posts
2026-01-19 02:58:25,346 - INFO - Safety Reset: All modifier keys released.
2026-01-19 03:00:21,540 - INFO - Safety Reset: All modifier keys released.
2026-01-19 03:00:21,541 - INFO - Starting Automation...
2026-01-19 03:00:21,546 - INFO - Fetching data from https://jsonplaceholder.typicode.com/posts...
2026-01-19 03:00:25,994 - INFO - Successfully fetched 3 posts
2026-01-19 03:00:28,736 - INFO - Ambiguous matches detected. Triggering OCR.
2026-01-19 03:00:29,133 - WARNING - OCR verification inconclusive. Reverting to best template match.
2026-01-19 03:00:29,179 - INFO - Safety Reset: All modifier keys released.
2026-01-19 03:01:08,584 - INFO - Safety Reset: All modifier keys released.
2026-01-19 03:01:08,584 - INFO - Starting Automation...
2026-01-19 03:01:08,589 - INFO - Fetching data from https://jsonplaceholder.typicode.com/posts...
2026-01-19 03:01:12,257 - INFO - Successfully fetched 3 posts
2026-01-19 03:01:14,876 - INFO - Template matching failed. Trying full fallback?
2026-01-19 03:01:14,877 - WARNING - Could not see icon for Post 1
2026-01-19 03:01:17,303 - INFO - Template matching failed. Trying full fallback?
2026-01-19 03:01:17,304 - WARNING - Could not see icon for Post 2
2026-01-19 03:01:19,859 - INFO - Template matching failed. Trying full fallback?
2026-01-19 03:01:19,860 - WARNING - Could not see icon for Post 3
2026-01-19 03:02:12,537 - INFO - Safety Reset: All modifier keys released.
2026-01-19 03:02:12,537 - INFO - Starting Automation...
2026-01-19 03:02:12,543 - INFO - Fetching data from https://jsonplaceholder.typicode.com/posts...
2026-01-19 03:02:15,934 - INFO - Successfully fetched 3 posts
2026-01-19 03:02:18,705 - INFO - Template match failed. Scanning for text (Wallpaper Fallback)...
2026-01-19 03:02:19,254 - WARNING - Could not see icon for Post 1
2026-01-19 03:02:21,724 - INFO - Template match failed. Scanning for text (Wallpaper Fallback)...
2026-01-19 03:02:22,971 - WARNING - Could not see icon for Post 2
2026-01-19 03:02:25,661 - INFO - Template match failed. Scanning for text (Wallpaper Fallback)...
2026-01-19 03:02:26,137 - WARNING - Could not see icon for Post 3
2026-01-19 03:02:42,583 - INFO - Safety Reset: All modifier keys released.
2026-01-19 03:02:42,584 - INFO - Starting Automation...
2026-01-19 03:02:42,592 - INFO - Fetching data from https://jsonplaceholder.typicode.com/posts...
2026-01-19 03:02:45,107 - INFO - Successfully fetched 3 posts
2026-01-19 03:02:47,722 - INFO - Template match failed. Scanning for text (Wallpaper Fallback)...
2026-01-19 03:02:48,119 - INFO - Safety Reset: All modifier keys released.
2026-01-19 03:02:50,014 - INFO - Typing Post 1...
2026-01-19 03:02:53,814 - INFO - Saving file...
2026-01-19 03:03:00,423 - INFO - Closing Notepad tab (Ctrl+W)...
2026-01-19 03:03:00,469 - INFO - Safety Reset: All modifier keys released.
2026-01-19 03:03:01,996 - INFO - Moving mouse to neutral zone (100, 100)...
2026-01-19 03:03:02,316 - INFO - Safety Reset: All modifier keys released.
2026-01-19 03:03:02,327 - INFO - Post 1 done. Mouse reset.
2026-01-19 03:03:04,978 - INFO - Template match failed. Scanning for text (Wallpaper Fallback)...
2026-01-19 03:03:05,349 - INFO - Safety Reset: All modifier keys released.
2026-01-19 03:03:07,236 - INFO - Typing Post 2...
2026-01-19 03:03:10,868 - INFO - Saving file...
2026-01-19 03:03:17,478 - INFO - Closing Notepad tab (Ctrl+W)...
2026-01-19 03:03:17,522 - INFO - Safety Reset: All modifier keys released.
2026-01-19 03:03:19,048 - INFO - Moving mouse to neutral zone (100, 100)...
2026-01-19 03:03:19,367 - INFO - Safety Reset: All modifier keys released.
2026-01-19 03:03:19,378 - INFO - Post 2 done. Mouse reset.
2026-01-19 03:03:21,948 - INFO - Template match failed. Scanning for text (Wallpaper Fallback)...
2026-01-19 03:03:22,311 - INFO - Safety Reset: All modifier keys released.
2026-01-19 03:03:24,199 - INFO - Typing Post 3...
2026-01-19 03:03:27,917 - INFO - Saving file...
2026-01-19 03:03:34,537 - INFO - Closing Notepad tab (Ctrl+W)...
2026-01-19 03:03:34,582 - INFO - Safety Reset: All modifier keys released.
2026-01-19 03:03:36,110 - INFO - Moving mouse to neutral zone (100, 100)...
2026-01-19 03:03:36,429 - INFO - Safety Reset: All modifier keys released.
2026-01-19 03:03:36,439 - INFO - Post 3 done. Mouse reset.
2026-01-19 03:07:51,076 - INFO - Safety Reset: All modifier keys released.
2026-01-19 03:07:51,076 - INFO - Starting Automation...
2026-01-19 03:07:51,082 - INFO - Fetching data from https://jsonplaceholder.typicode.com/posts...
2026-01-19 03:08:03,217 - ERROR - API Fetch Error: ('Connection aborted.', ConnectionResetError(10054, 'An existing connection was forcibly closed by the remote host', None, 10054, None))
2026-01-19 03:08:20,015 - INFO - Safety Reset: All modifier keys released.
2026-01-19 03:08:20,015 - INFO - Starting Automation...
2026-01-19 03:08:20,021 - INFO - Fetching data from https://jsonplaceholder.typicode.com/posts...
2026-01-19 03:08:22,080 - INFO - Successfully fetched 3 posts
2026-01-19 03:08:24,702 - INFO - Template match failed. Scanning for text (Wallpaper Fallback)...
2026-01-19 03:08:25,104 - INFO - Safety Reset: All modifier keys released.
2026-01-19 03:08:26,994 - INFO - Typing Post 1...
2026-01-19 03:08:30,834 - INFO - Saving file...
2026-01-19 03:08:37,438 - INFO - Closing Notepad tab (Ctrl+W)...
2026-01-19 03:08:37,482 - INFO - Safety Reset: All modifier keys released.
2026-01-19 03:08:39,010 - INFO - Moving mouse to neutral zone (100, 100)...
2026-01-19 03:08:39,331 - INFO - Safety Reset: All modifier keys released.
2026-01-19 03:08:39,341 - INFO - Post 1 done. Mouse reset.
2026-01-19 03:08:41,913 - INFO - Template match failed. Scanning for text (Wallpaper Fallback)...
2026-01-19 03:08:42,266 - INFO - Safety Reset: All modifier keys released.
2026-01-19 03:08:44,157 - INFO - Typing Post 2...
2026-01-19 03:08:47,821 - INFO - Saving file...
2026-01-19 03:08:54,449 - INFO - Closing Notepad tab (Ctrl+W)...
2026-01-19 03:08:54,493 - INFO - Safety Reset: All modifier keys released.
2026-01-19 03:08:56,020 - INFO - Moving mouse to neutral zone (100, 100)...
2026-01-19 03:08:56,337 - INFO - Safety Reset: All modifier keys released.
2026-01-19 03:08:56,348 - INFO - Post 2 done. Mouse reset.
2026-01-19 03:08:58,934 - INFO - Template match failed. Scanning for text (Wallpaper Fallback)...
2026-01-19 03:08:59,278 - INFO - Safety Reset: All modifier keys released.
2026-01-19 03:09:01,168 - INFO - Typing Post 3...
2026-01-19 03:09:04,867 - INFO - Saving file...
2026-01-19 03:09:11,484 - INFO - Closing Notepad tab (Ctrl+W)...
2026-01-19 03:09:11,528 - INFO - Safety Reset: All modifier keys released.
2026-01-19 03:09:13,056 - INFO - Moving mouse to neutral zone (100, 100)...
2026-01-19 03:09:13,373 - INFO - Safety Reset: All modifier keys released.
2026-01-19 03:09:13,384 - INFO - Post 3 done. Mouse reset.
